area_code,PRO_NAME,LEVEL_2_TYPE,priority_no,inc_unit,LEVEL_1_TYPE,LEVEL_3_TYPE
010Y,桔橙项目,桔橙,21,万元,生鲜果蔬类,
027Y,其他常温水果项目,其他水果,7,万元,生鲜果蔬类,
731Y,牛羊肉项目,牛羊肉,11,万元,生鲜肉类,
431Y,李子项目,李子,13,万元,生鲜果蔬类,
531Y,其他常温水果项目,山楂,12,万元,生鲜果蔬类,
791Y,蔬菜项目,食用菌,6,万元,生鲜果蔬类,
595Y,龙眼项目,龙眼,10,万元,生鲜果蔬类,
029Y,草莓项目,草莓,22,万元,生鲜果蔬类,
577Y,海鲜水产项目,海蜇,2,万元,海鲜水产类,
871Y,其他常温水果项目,其他水果,7,万元,生鲜果蔬类,
027Y,活体项目,虫类,25,万元,活体类,
010Y,龙虾项目,小龙虾,18,万元,海鲜水产类,
757Y,茶叶项目,花茶,4,万元,茶叶类,
931Y,滋补品项目,中药材,2,万元,南北干货类,
027Y,滋补品项目,银耳,6,万元,南北干货类,
316Y,海鲜水产项目,虾类,1,万元,海鲜水产类,
513Y,蔬菜项目,辣椒,4,万元,生鲜果蔬类,
592Y,蔬菜项目,椿芽,8,万元,生鲜果蔬类,
755Y,茶叶项目,茶叶,4,万元,茶叶类,
517Y,蟹项目,蟹类,3,万元,海鲜水产类,
022Y,干货项目,南北干货,2,万元,南北干货类,
991Y,海鲜水产项目,贝类,19,万元,海鲜水产类,
023Y,蔬菜项目,山药,9,万元,生鲜果蔬类,
769Y,其他常温水果项目,柿子,4,万元,生鲜果蔬类,
851Y,花卉苗木项目,苗木,24,万元,花卉苗木类,
898Y,海鲜水产项目,贝类,5,万元,海鲜水产类,
898Y,粮油副食项目,粮油米面调料,15,万元,粮油米面调料类,
027Y,蔬菜项目,山菜,2,万元,生鲜果蔬类,
027Y,肉类熟食项目,知了猴,1,万元,生鲜肉类,
574Y,粮油副食项目,蛋奶制品,10,万元,生鲜肉类,
574Y,肉类熟食项目,鸡肉,17,万元,生鲜肉类,
351Y,粽子项目,粽子,16,万元,假日类,
022Y,粽子项目,粽子,10,万元,假日类,
510Y,蔬菜项目,椿芽,6,万元,生鲜果蔬类,
024Y,活体项目,观赏类,22,万元,活体类,
769Y,其他常温水果项目,香蕉,4,万元,生鲜果蔬类,
757Y,海鲜水产项目,海蜇,2,万元,海鲜水产类,
898Y,海鲜水产项目,鲅鱼,5,万元,海鲜水产类,
431Y,蔬菜项目,土豆,2,万元,生鲜果蔬类,
431Y,参茸项目,鹿产品类,1,万元,南北干货类,
431Y,参茸项目,参产品类,1,万元,南北干货类,
311Y,海鲜水产项目,其他海鲜水产,12,万元,海鲜水产类,
791Y,干货项目,坚果,4,万元,南北干货类,
579Y,杨梅项目,杨梅,3,万元,生鲜果蔬类,
025Y,中秋项目,月饼,3,万元,假日类,
574Y,蔬菜项目,土豆,7,万元,生鲜果蔬类,
592Y,蔬菜项目,笋,8,万元,生鲜果蔬类,
351Y,粮油副食项目,粮油米面调料,2,万元,粮油米面调料类,
510Y,蔬菜项目,凉瓜,6,万元,生鲜果蔬类,
991Y,瓜项目,西瓜,4,万元,生鲜果蔬类,
760Y,其他常温水果项目,释迦,6,万元,生鲜果蔬类,
757Y,葡萄项目,葡萄,19,万元,生鲜果蔬类,
020Y,蔬菜项目,山药,6,万元,生鲜果蔬类,
898Y,蔬菜项目,其他蔬菜,4,万元,生鲜果蔬类,
532Y,海鲜水产项目,查干湖鱼,1,万元,海鲜水产类,
532Y,干货项目,银耳,4,万元,南北干货类,
536Y,肉类熟食项目,知了猴,5,万元,生鲜肉类,
536Y,海鲜水产项目,鲅鱼,1,万元,海鲜水产类,
025Y,其他常温水果项目,板栗,8,万元,生鲜果蔬类,
517Y,花卉苗木项目,花木盆景,2,万元,花卉苗木类,
010Y,杏项目,杏子,29,万元,生鲜果蔬类,
757Y,其他常温水果项目,百香果,8,万元,生鲜果蔬类,
591Y,肉类熟食项目,肉丸,3,万元,生鲜肉类,
027Y,其他常温水果项目,杨梅,7,万元,生鲜果蔬类,
731Y,中秋项目,月饼,6,万元,假日类,
731Y,肉类熟食项目,其他肉类熟食,1,万元,生鲜肉类,
536Y,瓜项目,甜瓜,11,万元,生鲜果蔬类,
029Y,粮油副食项目,粮油米面调料,12,万元,粮油米面调料类,
510Y,茶叶项目,茶叶,3,万元,茶叶类,
769Y,活体项目,禽类,18,万元,活体类,
757Y,蟹项目,青蟹,22,万元,海鲜水产类,
931Y,花卉苗木项目,鲜花,12,万元,花卉苗木类,
020Y,海鲜水产项目,牡蛎,2,万元,海鲜水产类,
371Y,滋补品项目,中药材,2,万元,南北干货类,
431Y,肉类熟食项目,其他肉类熟食,4,万元,生鲜肉类,
431Y,花卉苗木项目,种子,10,万元,花卉苗木类,
316Y,海鲜水产项目,其他海鲜水产,1,万元,海鲜水产类,
574Y,龙虾项目,小龙虾,11,万元,海鲜水产类,
592Y,蔬菜项目,土豆,8,万元,生鲜果蔬类,
991Y,大米项目,大米,20,万元,粮油米面调料类,
760Y,海鲜水产项目,其他海鲜水产,2,万元,海鲜水产类,
769Y,榴莲项目,榴莲,9,万元,生鲜果蔬类,
769Y,蔬菜项目,山药,6,万元,生鲜果蔬类,
769Y,蔬菜项目,羊肚菌,6,万元,生鲜果蔬类,
931Y,苹果项目,苹果,4,万元,生鲜果蔬类,
027Y,猕猴桃项目,猕猴桃,23,万元,生鲜果蔬类,
731Y,其他常温水果项目,莲雾,23,万元,生鲜果蔬类,
595Y,肉类熟食项目,鸡肉,3,万元,生鲜肉类,
351Y,樱桃项目,樱桃,4,万元,生鲜果蔬类,
351Y,其他常温水果项目,李子,15,万元,生鲜果蔬类,
022Y,花卉苗木项目,苗木,8,万元,花卉苗木类,
760Y,活体项目,虫类,24,万元,活体类,
010Y,其他常温水果项目,百香果,10,万元,生鲜果蔬类,
431Y,蔬菜项目,羊肚菌,2,万元,生鲜果蔬类,
311Y,粮油副食项目,蛋奶制品,3,万元,生鲜肉类,
024Y,肉类熟食项目,鸡肉,5,万元,生鲜肉类,
024Y,牛羊肉项目,牛羊肉,8,万元,生鲜肉类,
532Y,粮油副食项目,大米,14,万元,粮油米面调料类,
536Y,蔬菜项目,菱角,3,万元,生鲜果蔬类,
513Y,粽子项目,粽子,14,万元,假日类,
592Y,肉类熟食项目,知了猴,6,万元,生鲜肉类,
755Y,海鲜水产项目,贝类,6,万元,海鲜水产类,
510Y,其他常温水果项目,板栗,5,万元,生鲜果蔬类,
991Y,肉类熟食项目,鸡肉,6,万元,生鲜肉类,
023Y,蔬菜项目,红薯,9,万元,生鲜果蔬类,
023Y,其他常温水果项目,西瓜,6,万元,生鲜果蔬类,
731Y,活体项目,禽类,24,万元,活体项目,
551Y,花卉苗木项目,百合,9,万元,花卉苗木类,
757Y,苹果项目,苹果,23,万元,生鲜果蔬类,
371Y,肉类熟食项目,蛋奶制品,1,万元,生鲜肉类,
371Y,葡萄项目,葡萄,20,万元,生鲜果蔬类,
451Y,其他常温水果项目,水蜜桃,5,万元,生鲜果蔬类,
027Y,粮油副食项目,蛋奶制品,8,万元,生鲜肉类,
431Y,滋补品项目,蜂蜜,17,万元,其他,
311Y,花卉苗木项目,鲜花,7,万元,花卉苗木类,
536Y,海鲜水产项目,其他海鲜水产,1,万元,海鲜水产类,
029Y,蔬菜项目,莲藕,11,万元,生鲜果蔬类,
577Y,肉类熟食项目,肉丸,5,万元,生鲜肉类,
871Y,蔬菜项目,山菜,4,万元,生鲜果蔬类,
451Y,粽子项目,粽子,15,万元,假日类,
731Y,蔬菜项目,香菇,3,万元,生鲜果蔬类,
531Y,海鲜水产项目,鱼类,5,万元,海鲜水产类,
311Y,海鲜水产项目,海参,12,万元,海鲜水产类,
791Y,蔬菜项目,笋,6,万元,生鲜果蔬类,
532Y,瓜项目,哈密瓜,20,万元,生鲜果蔬类,
536Y,肉类熟食项目,鸡肉,5,万元,生鲜肉类,
536Y,粮油副食项目,花椒,9,万元,粮油米面调料类,
513Y,肉类熟食项目,其他肉类熟食,3,万元,生鲜肉类,
574Y,海鲜水产项目,海蜇,1,万元,海鲜水产类,
574Y,茶叶项目,花茶,9,万元,茶叶类,
595Y,海鲜水产项目,水鱼,2,万元,海鲜水产类,
351Y,花卉苗木项目,干花,13,万元,花卉苗木类,
021Y,茶叶项目,茶叶,4,万元,茶叶类,
752Y,海鲜水产项目,鲅鱼,1,万元,海鲜水产类,
760Y,蔬菜项目,食用菌,13,万元,生鲜果蔬类,
571Y,粽子项目,粽子,10,万元,假日类,
571Y,茶叶项目,花茶,1,万元,茶叶类,
010Y,海鲜水产项目,虾类,6,万元,海鲜水产类,
757Y,海鲜水产项目,虾类,2,万元,海鲜水产类,
898Y,其他常温水果项目,莲雾,1,万元,生鲜果蔬类,
451Y,牛羊肉项目,牛羊肉,1,万元,生鲜肉类,
731Y,蔬菜项目,百合,3,万元,生鲜果蔬类,
531Y,蔬菜项目,食用菌,2,万元,生鲜果蔬类,
316Y,海鲜水产项目,牡蛎,1,万元,海鲜水产类,
311Y,枸杞项目,枸杞,23,万元,生鲜果蔬类,
311Y,干货项目,南北干货,5,万元,南北干货类,
791Y,肉类熟食项目,其他肉类熟食,3,万元,生鲜肉类,
536Y,桃项目,水蜜桃,13,万元,生鲜果蔬类,
536Y,蔬菜项目,莲藕,3,万元,生鲜果蔬类,
574Y,蔬菜项目,萝卜,7,万元,生鲜果蔬类,
574Y,粮油副食项目,粮油米面调料,10,万元,粮油米面调料类,
755Y,海鲜水产项目,鲅鱼,6,万元,海鲜水产类,
512Y,葡萄项目,葡萄,14,万元,生鲜果蔬类,
512Y,茶叶项目,花茶,3,万元,茶叶类,
752Y,海鲜水产项目,贝类,1,万元,海鲜水产类,
023Y,肉类熟食项目,肉丸,1,万元,生鲜肉类,
551Y,草莓项目,草莓,14,万元,生鲜果蔬类,
371Y,肉类熟食项目,鸡肉,1,万元,生鲜肉类,
451Y,花卉苗木项目,苗木,12,万元,花卉苗木类,
431Y,蔬菜项目,其他蔬菜,2,万元,生鲜果蔬类,
579Y,粮油副食项目,艾草,9,万元,粮油米面调料类,
024Y,海鲜水产项目,其他海鲜水产,1,万元,海鲜水产类,
532Y,活体项目,观赏类,1,万元,活体类,
536Y,牛羊肉项目,牛羊肉,8,万元,生鲜肉类,
025Y,蔬菜项目,其他蔬菜,5,万元,生鲜果蔬类,
513Y,干货项目,南北干货,6,万元,南北干货类,
517Y,蔬菜项目,莲藕,6,万元,生鲜果蔬类,
022Y,海鲜水产项目,鱼类,1,万元,海鲜水产类,
752Y,干货项目,核桃,10,万元,南北干货类,
871Y,滋补品项目,中药材,5,万元,南北干货类,
571Y,海鲜水产项目,鱼类,8,万元,海鲜水产类,
371Y,牛羊肉项目,牛羊肉,5,万元,生鲜肉类,
027Y,牛羊肉项目,牛羊肉,5,万元,生鲜肉类,
731Y,蔬菜项目,其他蔬菜,3,万元,生鲜果蔬类,
316Y,蔬菜项目,山菜,5,万元,生鲜果蔬类,
579Y,其他常温水果项目,草莓,16,万元,生鲜果蔬类,
021Y,葡萄项目,葡萄,7,万元,生鲜果蔬类,
021Y,海鲜水产项目,牡蛎,2,万元,海鲜水产类,
022Y,枣项目,干枣,16,万元,南北干货类,
760Y,瓜项目,甜瓜,21,万元,生鲜果蔬类,
571Y,蟹项目,蟹类,9,万元,海鲜水产类,
851Y,蓝莓项目,蓝莓,22,万元,生鲜果蔬类,
851Y,海鲜水产项目,牡蛎,25,万元,海鲜水产类,
898Y,海鲜水产项目,牡蛎,5,万元,海鲜水产类,
027Y,粽子项目,粽子,16,万元,假日类,
731Y,花卉苗木项目,苗木,12,万元,花卉苗木类,
311Y,其他常温水果项目,板栗,24,万元,生鲜果蔬类,
579Y,蔬菜项目,萝卜,4,万元,生鲜果蔬类,
579Y,粮油副食项目,花椒,9,万元,粮油米面调料类,
024Y,海鲜水产项目,鲅鱼,1,万元,海鲜水产类,
532Y,海鲜水产项目,海参,1,万元,海鲜水产类,
592Y,蔬菜项目,萝卜,8,万元,生鲜果蔬类,
592Y,其他常温水果项目,菠萝,5,万元,生鲜果蔬类,
517Y,蔬菜项目,椿芽,6,万元,生鲜果蔬类,
760Y,滋补品项目,中药材,8,万元,其他,
871Y,肉类熟食项目,鸡肉,9,万元,生鲜肉类,
757Y,其他常温水果项目,菠萝蜜,8,万元,生鲜果蔬类,
020Y,中秋项目,月饼,3,万元,假日类,
851Y,粮油副食项目,黄豆,10,万元,粮油米面调料类,
898Y,海鲜水产项目,其他海鲜水产,5,万元,海鲜水产类,
027Y,其他常温水果项目,板栗,7,万元,生鲜果蔬类,
027Y,其他常温水果项目,枇杷,7,万元,生鲜果蔬类,
579Y,干货项目,核桃,17,万元,南北干货类,
025Y,蔬菜项目,萝卜,5,万元,生鲜果蔬类,
592Y,蔬菜项目,食用菌,8,万元,生鲜果蔬类,
991Y,石榴项目,石榴,13,万元,生鲜果蔬类,
752Y,活体项目,观赏类,23,万元,活体类,
551Y,蓝莓项目,蓝莓,20,万元,生鲜果蔬类,
010Y,蔬菜项目,山药,13,万元,生鲜果蔬类,
531Y,粽子项目,粽子,18,万元,假日类,
579Y,肉类熟食项目,鸡肉,2,万元,生鲜肉类,
574Y,蔬菜项目,香菇,7,万元,生鲜果蔬类,
592Y,其他常温水果项目,西梅,5,万元,生鲜果蔬类,
991Y,桃项目,水蜜桃,9,万元,生鲜果蔬类,
760Y,枣项目,鲜枣,23,万元,生鲜果蔬类,
760Y,海鲜水产项目,牡蛎,2,万元,海鲜水产类,
595Y,活体项目,虫类,21,万元,活体类,
351Y,活体项目,禽类,22,万元,活体类,
769Y,海鲜水产项目,其他海鲜水产,8,万元,海鲜水产类,
851Y,干货项目,核桃,11,万元,南北干货类,
027Y,蔬菜项目,香菇,2,万元,生鲜果蔬类,
579Y,其他常温水果项目,西梅,16,万元,生鲜果蔬类,
471Y,花卉苗木项目,花木盆景,3,万元,花卉苗木类,
351Y,蔬菜项目,红薯,10,万元,生鲜果蔬类,
510Y,其他常温水果项目,蓝莓,5,万元,生鲜果蔬类,
752Y,干货项目,坚果,10,万元,南北干货类,
752Y,猕猴桃项目,猕猴桃,21,万元,生鲜果蔬类,
010Y,肉类熟食项目,鸡肉,9,万元,生鲜肉类,
010Y,梨项目,梨,32,万元,生鲜果蔬类,
010Y,花卉苗木项目,种子,14,万元,花卉苗木类,
591Y,花卉苗木项目,花木盆景,9,万元,花卉苗木类,
316Y,蟹项目,青蟹,7,万元,海鲜水产类,
579Y,蔬菜项目,水果玉米,4,万元,生鲜果蔬类,
532Y,蔬菜项目,食用菌,5,万元,生鲜果蔬类,
592Y,其他常温水果项目,桔橙,5,万元,生鲜果蔬类,
592Y,花卉苗木项目,鲜花,4,万元,花卉苗木类,
029Y,干货项目,参产品类,5,万元,南北干货类,
755Y,其他常温水果项目,草莓,12,万元,生鲜果蔬类,
517Y,海鲜水产项目,水鱼,1,万元,海鲜水产类,
760Y,肉类熟食项目,红肠,5,万元,生鲜肉类,
760Y,其他常温水果项目,其他水果,6,万元,生鲜果蔬类,
371Y,活体项目,禽类,26,万元,活体类,
517Y,活体项目,禽类,14,万元,活体类,
010Y,荔枝项目,荔枝,24,万元,生鲜果蔬类,
010Y,花卉苗木项目,鲜花,14,万元,花卉苗木类,
591Y,蔬菜项目,笋,7,万元,生鲜果蔬类,
020Y,樱桃项目,樱桃,20,万元,生鲜果蔬类,
851Y,滋补品项目,中药材,6,万元,南北干货类,
731Y,粮油副食项目,黄豆,4,万元,粮油米面调料类,
431Y,蔬菜项目,萝卜,2,万元,生鲜果蔬类,
531Y,蟹项目,海蟹,17,万元,海鲜水产类,
029Y,梨项目,梨,20,万元,生鲜果蔬类,
029Y,花卉苗木项目,花木盆景,17,万元,花卉苗木类,
760Y,龙眼项目,龙眼,7,万元,生鲜果蔬类,
871Y,粮油副食项目,粮油米面调料,10,万元,粮油米面调料类,
023Y,蔬菜项目,圣女果,9,万元,生鲜果蔬类,
023Y,桔橙项目,桔橙,2,万元,生鲜果蔬类,
010Y,蟹项目,海蟹,15,万元,海鲜水产类,
010Y,草莓项目,草莓,19,万元,生鲜果蔬类,
020Y,蟹项目,青蟹,18,万元,海鲜水产类,
020Y,茶叶项目,茶叶,4,万元,茶叶类,
851Y,火龙果项目,火龙果,20,万元,生鲜果蔬类,
451Y,海鲜水产项目,其他海鲜水产,7,万元,海鲜水产类,
531Y,肉类熟食项目,肉丸,1,万元,生鲜肉类,
311Y,蔬菜项目,其他蔬菜,6,万元,生鲜果蔬类,
311Y,花卉苗木项目,树苗,7,万元,花卉苗木类,
791Y,大米项目,大米,12,万元,粮油米面调料类,
532Y,肉类熟食项目,其他肉类熟食,7,万元,生鲜肉类,
513Y,瓜项目,哈密瓜,13,万元,生鲜果蔬类,
931Y,肉类熟食项目,其他肉类熟食,11,万元,生鲜肉类,
371Y,其他常温水果项目,桔橙,14,万元,生鲜果蔬类,
027Y,蔬菜项目,莲藕,2,万元,生鲜果蔬类,
027Y,蔬菜项目,羊肚菌,2,万元,生鲜果蔬类,
027Y,参茸项目,鹿产品类,20,万元,南北干货类,
431Y,蔬菜项目,山菜,2,万元,生鲜果蔬类,
791Y,肉类熟食项目,红肠,3,万元,生鲜肉类,
536Y,蔬菜项目,辣椒,3,万元,生鲜果蔬类,
513Y,蔬菜项目,笋,4,万元,生鲜果蔬类,
595Y,樱桃项目,樱桃,20,万元,生鲜果蔬类,
592Y,其他常温水果项目,香蕉,5,万元,生鲜果蔬类,
351Y,蔬菜项目,其他蔬菜,10,万元,生鲜果蔬类,
028Y,干货项目,南北干货,8,万元,南北干货类,
752Y,其他常温水果项目,圣女果,8,万元,生鲜果蔬类,
752Y,肉类熟食项目,其他肉类熟食,2,万元,生鲜肉类,
760Y,花卉苗木项目,树苗,12,万元,花卉苗木类,
579Y,活体项目,禽类,18,万元,活体类,
574Y,活体项目,虫类,21,万元,活体类,
010Y,蔬菜项目,羊肚菌,13,万元,生鲜果蔬类,
010Y,瓜项目,网纹瓜,4,万元,生鲜果蔬类,
757Y,滋补品项目,银耳,5,万元,南北干货类,
020Y,其他常温水果项目,黄皮,12,万元,生鲜果蔬类,
513Y,粮油副食项目,粮油米面调料,5,万元,粮油米面调料类,
028Y,其他生鲜项目,无花果,30,万元,生鲜果蔬类,
752Y,滋补品项目,蜂蜜,7,万元,其他,
760Y,蟹项目,青蟹,18,万元,海鲜水产类,
023Y,龙虾项目,虾类,24,万元,海鲜水产类,
898Y,活体项目,虫类,19,万元,活体类,
010Y,花卉苗木项目,百合,14,万元,花卉苗木类,
010Y,大米项目,大米,23,万元,粮油米面调料类,
769Y,茶叶项目,茶叶,3,万元,茶叶类,
931Y,枸杞项目,枸杞,8,万元,生鲜果蔬类,
771Y,葡萄项目,葡萄,19,万元,生鲜果蔬类,
027Y,蔬菜项目,菱角,2,万元,生鲜果蔬类,
431Y,花卉苗木项目,百合,10,万元,花卉苗木类,
574Y,蔬菜项目,莲藕,7,万元,生鲜果蔬类,
029Y,干货项目,银耳,5,万元,南北干货类,
851Y,滋补品项目,艾草,6,万元,南北干货类,
851Y,海鲜水产项目,小龙虾,25,万元,海鲜水产类,
316Y,杏项目,杏子,16,万元,生鲜果蔬类,
311Y,葡萄项目,葡萄,17,万元,生鲜果蔬类,
579Y,粮油副食项目,蛋奶制品,9,万元,生鲜肉类,
025Y,干货项目,坚果,2,万元,休闲零食类,
029Y,蔬菜项目,土豆,11,万元,生鲜果蔬类,
029Y,粮油副食项目,大米,12,万元,粮油米面调料类,
029Y,花卉苗木项目,干花,17,万元,花卉苗木类,
510Y,花卉苗木项目,树苗,8,万元,花卉苗木类,
752Y,龙眼项目,龙眼,15,万元,生鲜果蔬类,
579Y,活体项目,观赏类,18,万元,活体类,
512Y,活体项目,观赏类,20,万元,活体类,
010Y,蔬菜项目,萝卜,13,万元,生鲜果蔬类,
769Y,其他常温水果项目,八月瓜,4,万元,生鲜果蔬类,
757Y,蔬菜项目,莲藕,14,万元,生鲜果蔬类,
757Y,海鲜水产项目,贝类,2,万元,海鲜水产类,
931Y,花卉苗木项目,种子,12,万元,花卉苗木类,
371Y,瓜项目,西瓜,23,万元,生鲜果蔬类,
451Y,肉类熟食项目,其他肉类熟食,2,万元,生鲜肉类,
431Y,牛羊肉项目,牛羊肉,8,万元,生鲜肉类,
791Y,梨项目,梨,19,万元,生鲜果蔬类,
579Y,其他常温水果项目,香蕉,16,万元,生鲜果蔬类,
532Y,蓝莓项目,蓝莓,18,万元,生鲜果蔬类,
574Y,草莓项目,草莓,16,万元,生鲜果蔬类,
755Y,花卉苗木项目,鲜花,7,万元,花卉苗木类,
517Y,蟹项目,青蟹,3,万元,海鲜水产类,
752Y,蟹项目,海蟹,20,万元,海鲜水产类,
023Y,海鲜水产项目,鱼类,13,万元,海鲜水产类,
531Y,活体项目,虫类,24,万元,活体类,
769Y,樱桃项目,樱桃,15,万元,生鲜果蔬类,
591Y,桔橙项目,桔橙,11,万元,生鲜果蔬类,
851Y,滋补品项目,银耳,6,万元,南北干货类,
898Y,干货项目,槟榔,14,万元,其他,
451Y,蓝莓项目,蓝莓,14,万元,生鲜果蔬类,
027Y,蔬菜项目,红薯,2,万元,生鲜果蔬类,
027Y,参茸项目,参产品类,20,万元,南北干货类,
316Y,海鲜水产项目,查干湖鱼,1,万元,海鲜水产类,
024Y,桃项目,水蜜桃,15,万元,生鲜果蔬类,
532Y,干货项目,中药材,4,万元,南北干货类,
513Y,蔬菜项目,香菇,4,万元,生鲜果蔬类,
755Y,蟹项目,海蟹,13,万元,海鲜水产类,
991Y,蔬菜项目,香菇,10,万元,生鲜果蔬类,
760Y,蔬菜项目,其他蔬菜,13,万元,生鲜果蔬类,
760Y,蔬菜项目,笋,13,万元,生鲜果蔬类,
512Y,活体项目,禽类,20,万元,活体类,
769Y,蔬菜项目,辣椒,6,万元,生鲜果蔬类,
931Y,干货项目,核桃,9,万元,南北干货类,
771Y,海鲜水产项目,海蜇,5,万元,海鲜水产类,
851Y,蔬菜项目,辣椒,25,万元,生鲜果蔬类,
898Y,其他常温水果项目,红毛丹,1,万元,生鲜果蔬类,
371Y,花卉苗木项目,苗木,8,万元,花卉苗木类,
027Y,蟹项目,海蟹,11,万元,海鲜水产类,
027Y,瓜项目,西瓜,22,万元,生鲜果蔬类,
731Y,粮油副食项目,大米,4,万元,粮油米面调料类,
531Y,其他常温水果项目,柿子,12,万元,生鲜果蔬类,
025Y,肉类熟食项目,其他肉类熟食,2,万元,生鲜肉类,
021Y,牛羊肉项目,牛羊肉,1,万元,生鲜肉类,
028Y,蔬菜项目,食用菌,11,万元,生鲜果蔬类,
577Y,葡萄项目,葡萄,14,万元,生鲜果蔬类,
760Y,粮油副食项目,蛋奶制品,15,万元,生鲜肉类,
023Y,肉类熟食项目,鸡肉,1,万元,生鲜肉类,
769Y,其他常温水果项目,椰子,4,万元,生鲜果蔬类,
851Y,中秋项目,月饼,5,万元,假日类,
898Y,石榴项目,石榴,17,万元,生鲜果蔬类,
451Y,蟹项目,蟹类,16,万元,海鲜水产类,
451Y,其他常温水果项目,其他水果,5,万元,生鲜果蔬类,
431Y,粮油副食项目,黄豆,9,万元,粮油米面调料类,
791Y,柚子项目,柚子,8,万元,生鲜果蔬类,
755Y,其他常温水果项目,水蜜桃,12,万元,生鲜果蔬类,
028Y,蔬菜项目,其他蔬菜,11,万元,生鲜果蔬类,
022Y,海鲜水产项目,海参,1,万元,海鲜水产类,
510Y,蔬菜项目,笋,6,万元,生鲜果蔬类,
592Y,活体项目,观赏类,23,万元,活体类,
021Y,活体项目,观赏类,13,万元,活体类,
551Y,花卉苗木项目,种子,9,万元,花卉苗木类,
591Y,葡萄项目,葡萄,14,万元,生鲜果蔬类,
027Y,龙虾项目,虾类,12,万元,海鲜水产类,
579Y,肉类熟食项目,其他肉类熟食,2,万元,生鲜肉类,
024Y,花卉苗木项目,花木盆景,9,万元,花卉苗木类,
028Y,花卉苗木项目,花木盆景,12,万元,花卉苗木类,
510Y,茶叶项目,花茶,3,万元,茶叶类,
991Y,茶叶项目,花茶,15,万元,茶叶类,
752Y,蔬菜项目,其他蔬菜,9,万元,生鲜果蔬类,
752Y,其他常温水果项目,枇杷,8,万元,生鲜果蔬类,
752Y,桃项目,鹰嘴桃,11,万元,生鲜果蔬类,
551Y,活体项目,禽类,22,万元,活体类,
752Y,活体项目,虫类,23,万元,活体类,
551Y,粮油副食项目,粮油米面调料,5,万元,粮油米面调料类,
551Y,花卉苗木项目,花木盆景,9,万元,花卉苗木类,
020Y,杨梅项目,杨梅,19,万元,生鲜果蔬类,
851Y,蔬菜项目,椿芽,3,万元,生鲜果蔬类,
371Y,其他常温水果项目,杏子,14,万元,生鲜果蔬类,
451Y,其他常温水果项目,菇娘,5,万元,生鲜果蔬类,
451Y,干货项目,核桃,6,万元,南北干货类,
024Y,蔬菜项目,山药,21,万元,生鲜果蔬类,
532Y,海鲜水产项目,小龙虾,1,万元,海鲜水产类,
513Y,花卉苗木项目,花木盆景,8,万元,花卉苗木类,
592Y,其他常温水果项目,柿子,5,万元,生鲜果蔬类,
512Y,蔬菜项目,山药,7,万元,生鲜果蔬类,
752Y,粮油副食项目,黄豆,14,万元,粮油米面调料类,
760Y,花卉苗木项目,种子,12,万元,花卉苗木类,
871Y,干货项目,核桃,8,万元,其他,
023Y,肉类熟食项目,其他肉类熟食,1,万元,生鲜肉类,
551Y,肉类熟食项目,其他肉类熟食,3,万元,生鲜肉类,
010Y,滋补品项目,蜂蜜,8,万元,其他,
757Y,蔬菜项目,食用菌,14,万元,生鲜果蔬类,
371Y,其他常温水果项目,菠萝,14,万元,生鲜果蔬类,
371Y,草莓项目,草莓,17,万元,生鲜果蔬类,
027Y,花卉苗木项目,鲜花,9,万元,花卉苗木类,
431Y,瓜项目,西瓜,11,万元,生鲜果蔬类,
531Y,牛羊肉项目,牛羊肉,8,万元,生鲜肉类,
536Y,粮油副食项目,艾草,9,万元,南北干货类,
513Y,肉类熟食项目,肉丸,3,万元,生鲜肉类,
574Y,大米项目,大米,14,万元,粮油米面调料类,
592Y,肉类熟食项目,红肠,6,万元,生鲜肉类,
029Y,粮油副食项目,花椒,12,万元,粮油米面调料类,
755Y,干货项目,核桃,3,万元,南北干货类,
517Y,海鲜水产项目,牡蛎,1,万元,海鲜水产类,
023Y,花卉苗木项目,干花,5,万元,花卉苗木类,
020Y,活体项目,观赏类,22,万元,活体类,
010Y,其他常温水果项目,其他水果,10,万元,生鲜果蔬类,
757Y,干货项目,坚果,11,万元,南北干货类,
771Y,肉类熟食项目,肉丸,6,万元,生鲜肉类,
898Y,肉类熟食项目,其他肉类熟食,6,万元,生鲜肉类,
371Y,其他常温水果项目,柚子,14,万元,生鲜果蔬类,
371Y,海鲜水产项目,海参,9,万元,海鲜水产类,
451Y,茶叶项目,茶叶,11,万元,茶叶类,
024Y,海鲜水产项目,海参,1,万元,海鲜水产类,
536Y,花卉苗木项目,花木盆景,4,万元,花卉苗木类,
574Y,猕猴桃项目,猕猴桃,20,万元,生鲜果蔬类,
595Y,蔬菜项目,其他蔬菜,11,万元,生鲜果蔬类,
351Y,蔬菜项目,辣椒,10,万元,生鲜果蔬类,
755Y,其他常温水果项目,哈密瓜,12,万元,生鲜果蔬类,
755Y,其他常温水果项目,樱桃,12,万元,生鲜果蔬类,
451Y,肉类熟食项目,蛋奶制品,2,万元,生鲜肉类,
027Y,花卉苗木项目,种子,9,万元,花卉苗木类,
731Y,海鲜水产项目,其他海鲜水产,7,万元,海鲜水产类,
431Y,蔬菜项目,食用菌,2,万元,生鲜果蔬类,
579Y,蟹项目,海蟹,15,万元,海鲜水产类,
024Y,粮油副食项目,黄豆,14,万元,粮油米面调料类,
532Y,蔬菜项目,松茸,5,万元,生鲜果蔬类,
513Y,干货项目,咖啡,6,万元,南北干货类,
471Y,粮油副食项目,蛋奶制品,4,万元,生鲜肉类,
595Y,桃项目,鹰嘴桃,18,万元,生鲜果蔬类,
592Y,其他常温水果项目,杏子,5,万元,生鲜果蔬类,
028Y,茶叶项目,花茶,2,万元,茶叶类,
512Y,海鲜水产项目,虾类,4,万元,海鲜水产类,
022Y,蔬菜项目,辣椒,7,万元,生鲜果蔬类,
010Y,蔬菜项目,食用菌,13,万元,生鲜果蔬类,
010Y,海鲜水产项目,其他海鲜水产,6,万元,海鲜水产类,
431Y,蟹项目,蟹类,19,万元,海鲜水产类,
536Y,海鲜水产项目,小龙虾,1,万元,海鲜水产类,
513Y,中秋项目,月饼,9,万元,假日类,
471Y,梨项目,梨,13,万元,生鲜果蔬类,
595Y,干货项目,坚果,6,万元,南北干货类,
592Y,蔬菜项目,香菇,8,万元,生鲜果蔬类,
592Y,蔬菜项目,其他蔬菜,8,万元,生鲜果蔬类,
029Y,肉类熟食项目,其他肉类熟食,14,万元,生鲜肉类,
755Y,其他常温水果项目,葡萄,12,万元,生鲜果蔬类,
991Y,海鲜水产项目,其他海鲜水产,19,万元,海鲜水产类,
991Y,干货项目,坚果,1,万元,南北干货类,
023Y,粮油副食项目,大米,10,万元,粮油米面调料类,
551Y,牛羊肉项目,牛羊肉,10,万元,生鲜肉类,
010Y,肉类熟食项目,红肠,9,万元,生鲜肉类,
757Y,滋补品项目,中药材,5,万元,南北干货类,
771Y,其他常温水果项目,菠萝,12,万元,生鲜果蔬类,
020Y,海鲜水产项目,水鱼,2,万元,海鲜水产类,
371Y,蔬菜项目,萝卜,4,万元,生鲜果蔬类,
731Y,其他常温水果项目,柠檬,23,万元,生鲜果蔬类,
532Y,干货项目,参产品类,4,万元,南北干货类,
513Y,蔬菜项目,其他蔬菜,4,万元,生鲜果蔬类,
512Y,粽子项目,粽子,11,万元,假日类,
022Y,茶叶项目,花茶,3,万元,茶叶类,
577Y,枇杷项目,枇杷,11,万元,生鲜果蔬类,
871Y,蔬菜项目,其他蔬菜,4,万元,生鲜果蔬类,
023Y,其他常温水果项目,其他水果,6,万元,生鲜果蔬类,
577Y,活体项目,观赏类,15,万元,活体类,
551Y,其他常温水果项目,其他水果,11,万元,生鲜果蔬类,
010Y,其他常温水果项目,圣女果,10,万元,生鲜果蔬类,
020Y,肉类熟食项目,红肠,8,万元,生鲜肉类,
020Y,海鲜水产项目,其他海鲜水产,2,万元,海鲜水产类,
851Y,粮油副食项目,蛋奶制品,10,万元,粮油米面调料类,
371Y,滋补品项目,银耳,2,万元,南北干货类,
024Y,海鲜水产项目,查干湖鱼,1,万元,海鲜水产类,
574Y,蔬菜项目,其他蔬菜,7,万元,生鲜果蔬类,
595Y,梨项目,梨,19,万元,生鲜果蔬类,
871Y,石榴项目,石榴,14,万元,生鲜果蔬类,
023Y,粽子项目,粽子,12,万元,假日类,
023Y,滋补品项目,鹿产品类,4,万元,南北干货类,
769Y,花卉苗木项目,种子,10,万元,花卉苗木类,
757Y,肉类熟食项目,红肠,3,万元,生鲜肉类,
731Y,杨梅项目,杨梅,10,万元,生鲜果蔬类,
731Y,梨项目,梨,21,万元,生鲜果蔬类,
316Y,梨项目,梨,17,万元,生鲜果蔬类,
579Y,蔬菜项目,虫草,4,万元,生鲜果蔬类,
536Y,蔬菜项目,其他蔬菜,3,万元,生鲜果蔬类,
536Y,蔬菜项目,萝卜,3,万元,生鲜果蔬类,
351Y,梨项目,梨,9,万元,生鲜果蔬类,
510Y,大米项目,大米,19,万元,粮油米面调料类,
752Y,蔬菜项目,羊肚菌,9,万元,生鲜果蔬类,
760Y,肉类熟食项目,肉丸,5,万元,生鲜肉类,
571Y,葡萄项目,葡萄,15,万元,生鲜果蔬类,
510Y,活体项目,观赏类,22,万元,活体类,
791Y,活体项目,观赏类,22,万元,活体类,
551Y,干货项目,南北干货,6,万元,南北干货类,
771Y,花卉苗木项目,鲜花,8,万元,花卉苗木类,
371Y,粮油副食项目,花椒,11,万元,粮油米面调料类,
027Y,蔬菜项目,土豆,2,万元,生鲜果蔬类,
431Y,肉类熟食项目,肉丸,4,万元,生鲜肉类,
531Y,海鲜水产项目,水鱼,5,万元,海鲜水产类,
531Y,瓜项目,甜瓜,15,万元,生鲜果蔬类,
316Y,茶叶项目,花茶,11,万元,茶叶类,
579Y,蔬菜项目,柿子,4,万元,生鲜果蔬类,
024Y,其他常温水果项目,甜瓜,12,万元,生鲜果蔬类,
532Y,蔬菜项目,凉瓜,5,万元,生鲜果蔬类,
755Y,中秋项目,月饼,2,万元,假日类,
755Y,肉类熟食项目,其他肉类熟食,10,万元,生鲜肉类,
028Y,海鲜水产项目,鱼类,24,万元,海鲜水产类,
510Y,干货项目,南北干货,12,万元,南北干货类,
752Y,蔬菜项目,椿芽,9,万元,生鲜果蔬类,
760Y,其他常温水果项目,柠檬,6,万元,生鲜果蔬类,
021Y,活体项目,禽类,13,万元,活体类,
371Y,滋补品项目,蜂蜜,2,万元,其他,
027Y,李子项目,李子,19,万元,生鲜果蔬类,
027Y,海鲜水产项目,水鱼,13,万元,海鲜水产类,
731Y,肉类熟食项目,红肠,1,万元,生鲜肉类,
024Y,干货项目,蜂蜜,10,万元,其他,
025Y,粮油副食项目,蛋奶制品,2,万元,生鲜肉类,
592Y,芒果项目,芒果,21,万元,生鲜果蔬类,
517Y,蔬菜项目,笋,6,万元,生鲜果蔬类,
512Y,蔬菜项目,羊肚菌,7,万元,生鲜果蔬类,
022Y,花卉苗木项目,干花,8,万元,花卉苗木类,
577Y,杨梅项目,杨梅,1,万元,生鲜果蔬类,
871Y,粽子项目,粽子,22,万元,假日类,
871Y,粮油副食项目,蛋奶制品,10,万元,粮油米面调料类,
571Y,海鲜水产项目,虾类,8,万元,海鲜水产类,
771Y,其他常温水果项目,百香果,12,万元,生鲜果蔬类,
731Y,其他常温水果项目,柿子,23,万元,生鲜果蔬类,
316Y,蔬菜项目,辣椒,5,万元,生鲜果蔬类,
532Y,海鲜水产项目,水鱼,1,万元,海鲜水产类,
513Y,海鲜水产项目,鱼类,2,万元,海鲜水产类,
595Y,柚子项目,柚子,8,万元,生鲜果蔬类,
595Y,粮油副食项目,粮油米面调料,12,万元,粮油米面调料类,
028Y,花卉苗木项目,鲜花,12,万元,花卉苗木类,
991Y,蔬菜项目,桑葚,10,万元,生鲜果蔬类,
752Y,肉类熟食项目,鸡肉,2,万元,生鲜肉类,
769Y,其他常温水果项目,菠萝,4,万元,生鲜果蔬类,
769Y,牛羊肉项目,牛羊肉,11,万元,生鲜肉类,
769Y,大米项目,大米,14,万元,粮油米面调料类,
757Y,参茸项目,鹿产品类,28,万元,南北干货类,
851Y,肉类熟食项目,鸡肉,2,万元,生鲜肉类,
531Y,茶叶项目,茶叶,3,万元,茶叶类,
316Y,海鲜水产项目,水鱼,1,万元,海鲜水产类,
311Y,桃项目,水蜜桃,8,万元,生鲜果蔬类,
791Y,蔬菜项目,红薯,6,万元,生鲜果蔬类,
513Y,花卉苗木项目,种子,8,万元,花卉苗木类,
021Y,桃项目,水蜜桃,8,万元,生鲜果蔬类,
028Y,花卉苗木项目,树苗,12,万元,花卉苗木类,
517Y,茶叶项目,茶叶,10,万元,茶叶类,
510Y,花卉苗木项目,花木盆景,8,万元,花卉苗木类,
760Y,柚子项目,柚子,22,万元,生鲜果蔬类,
760Y,干货项目,南北干货,3,万元,南北干货类,
931Y,虫草项目,虫草,3,万元,生鲜果蔬类,
371Y,干货项目,参产品类,6,万元,南北干货类,
451Y,蔬菜项目,山菜,4,万元,生鲜果蔬类,
451Y,瓜项目,哈密瓜,9,万元,生鲜果蔬类,
027Y,肉类熟食项目,肉丸,1,万元,生鲜肉类,
731Y,粮油副食项目,花椒,4,万元,粮油米面调料类,
431Y,海鲜水产项目,鱼类,5,万元,海鲜水产类,
531Y,蔬菜项目,红薯,2,万元,生鲜果蔬类,
531Y,花卉苗木项目,百合,4,万元,花卉苗木类,
579Y,猕猴桃项目,猕猴桃,14,万元,生鲜果蔬类,
024Y,其他常温水果项目,哈密瓜,12,万元,生鲜果蔬类,
025Y,花卉苗木项目,种子,7,万元,花卉苗木类,
025Y,海鲜水产项目,鱼类,10,万元,海鲜水产类,
755Y,蟹项目,蟹类,13,万元,海鲜水产类,
022Y,蔬菜项目,山菜,7,万元,生鲜果蔬类,
991Y,滋补品项目,中药材,12,万元,南北干货类,
571Y,花卉苗木项目,花木盆景,4,万元,花卉苗木类,
517Y,活体项目,观赏类,14,万元,活体类,
020Y,牛羊肉项目,牛羊肉,7,万元,生鲜肉类,
851Y,肉类熟食项目,其他肉类熟食,2,万元,生鲜肉类,
371Y,瓜项目,甜瓜,23,万元,生鲜果蔬类,
579Y,花卉苗木项目,鲜花,5,万元,花卉苗木类,
536Y,干货项目,南北干货,10,万元,南北干货类,
595Y,肉类熟食项目,肉丸,3,万元,生鲜肉类,
595Y,花卉苗木项目,花木盆景,5,万元,花卉苗木类,
029Y,蔬菜项目,山菜,11,万元,生鲜果蔬类,
028Y,蔬菜项目,羊肚菌,11,万元,生鲜果蔬类,
517Y,苹果项目,苹果,13,万元,生鲜果蔬类,
871Y,其他常温水果项目,李子,7,万元,生鲜果蔬类,
010Y,蔬菜项目,其他蔬菜,13,万元,生鲜果蔬类,
771Y,其他常温水果项目,黄皮,12,万元,生鲜果蔬类,
771Y,海鲜水产项目,其他海鲜水产,5,万元,海鲜水产类,
316Y,葡萄项目,葡萄,10,万元,生鲜果蔬类,
311Y,干货项目,坚果,5,万元,南北干货类,
579Y,葡萄项目,葡萄,8,万元,生鲜果蔬类,
024Y,干货项目,南北干货,10,万元,南北干货类,
532Y,海鲜水产项目,鱼类,1,万元,海鲜水产类,
536Y,海鲜水产项目,查干湖鱼,1,万元,海鲜水产类,
513Y,蟹项目,青蟹,1,万元,海鲜水产类,
513Y,草莓项目,草莓,16,万元,生鲜果蔬类,
595Y,中秋项目,月饼,9,万元,假日类,
592Y,其他常温水果项目,蓝莓,5,万元,生鲜果蔬类,
351Y,瓜项目,哈密瓜,18,万元,生鲜果蔬类,
755Y,花卉苗木项目,干花,7,万元,花卉苗木类,
517Y,海鲜水产项目,虾类,1,万元,海鲜水产类,
760Y,火龙果项目,火龙果,19,万元,生鲜果蔬类,
757Y,其他常温水果项目,圣女果,8,万元,生鲜果蔬类,
771Y,粮油副食项目,粮油米面调料,7,万元,粮油米面调料类,
771Y,粮油副食项目,黄豆,7,万元,粮油米面调料类,
898Y,肉类熟食项目,蛋奶制品,6,万元,生鲜肉类,
371Y,肉类熟食项目,蚕蛹,1,万元,生鲜肉类,
451Y,滋补品项目,蜂蜜,13,万元,其他,
451Y,干货项目,板栗,6,万元,南北干货类,
027Y,桔橙项目,桔橙,3,万元,生鲜果蔬类,
027Y,花卉苗木项目,树苗,9,万元,花卉苗木类,
731Y,葡萄项目,葡萄,16,万元,生鲜果蔬类,
431Y,蔬菜项目,辣椒,2,万元,生鲜果蔬类,
531Y,海鲜水产项目,鲅鱼,5,万元,海鲜水产类,
316Y,海鲜水产项目,小龙虾,1,万元,海鲜水产类,
024Y,其他常温水果项目,杏子,12,万元,生鲜果蔬类,
025Y,蟹项目,蟹类,1,万元,海鲜水产类,
574Y,海鲜水产项目,贝类,1,万元,海鲜水产类,
021Y,樱桃项目,樱桃,11,万元,生鲜果蔬类,
577Y,其他常温水果项目,草莓,10,万元,生鲜果蔬类,
510Y,桃项目,水蜜桃,1,万元,生鲜果蔬类,
991Y,瓜项目,甜瓜,4,万元,生鲜果蔬类,
023Y,海鲜水产项目,鲅鱼,13,万元,海鲜水产类,
551Y,干货项目,坚果,6,万元,南北干货类,
757Y,茶叶项目,茶叶,4,万元,茶叶类,
771Y,榴莲项目,榴莲,14,万元,生鲜果蔬类,
020Y,肉类熟食项目,肉丸,8,万元,生鲜肉类,
020Y,海鲜水产项目,虾类,2,万元,海鲜水产类,
451Y,海鲜水产项目,海参,7,万元,海鲜水产类,
531Y,桃项目,水蜜桃,11,万元,生鲜果蔬类,
579Y,蟹项目,蟹类,15,万元,海鲜水产类,
532Y,蔬菜项目,其他蔬菜,5,万元,生鲜果蔬类,
532Y,苹果项目,苹果,3,万元,生鲜果蔬类,
532Y,茶叶项目,茶叶,6,万元,茶叶类,
025Y,肉类熟食项目,鸡肉,2,万元,生鲜肉类,
513Y,蔬菜项目,萝卜,4,万元,生鲜果蔬类,
029Y,蔬菜项目,萝卜,11,万元,生鲜果蔬类,
510Y,花卉苗木项目,鲜花,8,万元,花卉苗木类,
871Y,其他生鲜水果项目,西梅,17,万元,生鲜果蔬类,
851Y,海鲜水产项目,虾类,25,万元,海鲜水产类,
371Y,干货项目,核桃,6,万元,南北干货类,
731Y,柚子项目,柚子,19,万元,生鲜果蔬类,
531Y,蔬菜项目,椿芽,2,万元,生鲜果蔬类,
531Y,干货项目,南北干货,10,万元,南北干货类,
024Y,蔬菜项目,萝卜,21,万元,生鲜果蔬类,
536Y,瓜项目,西瓜,11,万元,生鲜果蔬类,
574Y,肉类熟食项目,其他肉类熟食,17,万元,生鲜肉类,
592Y,其他常温水果项目,杨桃,5,万元,生鲜果蔬类,
029Y,粮油副食项目,黄豆,12,万元,粮油米面调料类,
029Y,干货项目,核桃,5,万元,南北干货类,
755Y,其他常温水果项目,黄皮,12,万元,生鲜果蔬类,
022Y,中秋项目,月饼,4,万元,假日类,
022Y,肉类熟食项目,其他肉类熟食,9,万元,生鲜肉类,
022Y,海鲜水产项目,鲅鱼,1,万元,海鲜水产类,
752Y,其他常温水果项目,柿子,8,万元,生鲜果蔬类,
752Y,花卉苗木项目,种子,17,万元,花卉苗木类,
752Y,花卉苗木项目,树苗,17,万元,花卉苗木类,
010Y,花卉苗木项目,干花,14,万元,花卉苗木类,
010Y,活体项目,观赏类,6,万元,活体类,
851Y,花卉苗木项目,花木盆景,24,万元,花卉苗木类,
027Y,其他常温水果项目,黑老虎,7,万元,生鲜果蔬类,
027Y,虫草项目,虫草,24,万元,生鲜果蔬类,
532Y,海鲜水产项目,鲅鱼,1,万元,海鲜水产类,
510Y,干货项目,坚果,12,万元,南北干货类,
991Y,李子项目,李子,24,万元,生鲜果蔬类,
752Y,蔬菜项目,山药,9,万元,生鲜果蔬类,
752Y,其他常温水果项目,红毛丹,8,万元,生鲜果蔬类,
752Y,其他常温水果项目,柠檬,8,万元,生鲜果蔬类,
760Y,海鲜水产项目,水鱼,2,万元,海鲜水产类,
571Y,草莓项目,草莓,12,万元,生鲜果蔬类,
551Y,茶叶项目,花茶,1,万元,茶叶类,
010Y,蟹项目,蟹类,15,万元,海鲜水产类,
769Y,蔬菜项目,萝卜,6,万元,生鲜果蔬类,
769Y,其他常温水果项目,菠萝蜜,4,万元,生鲜果蔬类,
771Y,粮油副食项目,青稞,7,万元,粮油米面调料类,
316Y,海鲜水产项目,海蟹,1,万元,海鲜水产类,
579Y,蔬菜项目,鸡头米,4,万元,生鲜果蔬类,
532Y,蔬菜项目,萝卜,5,万元,生鲜果蔬类,
532Y,海鲜水产项目,牡蛎,1,万元,海鲜水产类,
025Y,蔬菜项目,鸡头米,5,万元,生鲜果蔬类,
021Y,海鲜水产项目,鱼类,2,万元,海鲜水产类,
755Y,干货项目,中药材,3,万元,南北干货类,
022Y,葡萄项目,葡萄,13,万元,生鲜果蔬类,
510Y,蟹项目,蟹类,2,万元,海鲜水产类,
510Y,其他常温水果项目,其他水果,5,万元,生鲜果蔬类,
991Y,虫草项目,虫草,27,万元,生鲜果蔬类,
760Y,海鲜水产项目,贝类,2,万元,海鲜水产类,
551Y,苹果项目,苹果,19,万元,生鲜果蔬类,
931Y,桃项目,水蜜桃,5,万元,生鲜果蔬类,
020Y,桃项目,鹰嘴桃,14,万元,生鲜果蔬类,
851Y,葡萄项目,葡萄,17,万元,生鲜果蔬类,
371Y,肉类熟食项目,知了猴,1,万元,生鲜肉类,
531Y,花卉苗木项目,花木盆景,4,万元,花卉苗木类,
531Y,海鲜水产项目,虾类,5,万元,海鲜水产类,
531Y,干货项目,核桃,10,万元,南北干货类,
316Y,海鲜水产项目,海蜇,1,万元,海鲜水产类,
579Y,花卉苗木项目,干花,5,万元,花卉苗木类,
536Y,肉类熟食项目,红肠,5,万元,生鲜肉类,
513Y,瓜项目,木瓜,13,万元,生鲜果蔬类,
513Y,干货项目,坚果,6,万元,南北干货类,
592Y,海鲜水产项目,小龙虾,1,万元,海鲜水产类,
028Y,蔬菜项目,折耳根,11,万元,生鲜果蔬类,
512Y,蟹项目,蟹类,1,万元,海鲜水产类,
760Y,肉类熟食项目,其他肉类熟食,5,万元,生鲜肉类,
571Y,干货项目,银耳,3,万元,南北干货类,
316Y,活体项目,禽类,18,万元,活体类,
757Y,参茸项目,参产品类,28,万元,南北干货类,
371Y,蔬菜项目,羊肚菌,4,万元,生鲜果蔬类,
431Y,粽子项目,粽子,18,万元,假日类,
532Y,干货项目,干枣,4,万元,南北干货类,
532Y,干货项目,香菇,4,万元,南北干货类,
595Y,干货项目,南北干货,6,万元,南北干货类,
592Y,其他常温水果项目,八月瓜,5,万元,生鲜果蔬类,
351Y,枣项目,干枣,6,万元,南北干货类,
351Y,石榴项目,石榴,21,万元,生鲜果蔬类,
022Y,桃项目,鹰嘴桃,17,万元,生鲜果蔬类,
871Y,葡萄项目,葡萄,12,万元,生鲜果蔬类,
010Y,肉类熟食项目,其他肉类熟食,9,万元,生鲜肉类,
771Y,肉类熟食项目,蛋奶制品,6,万元,生鲜肉类,
431Y,干货项目,南北干货,3,万元,南北干货类,
531Y,茶叶项目,花茶,3,万元,茶叶类,
316Y,海鲜水产项目,鲅鱼,1,万元,海鲜水产类,
579Y,海鲜水产项目,海参,7,万元,海鲜水产类,
024Y,干货项目,坚果,10,万元,南北干货类,
536Y,粮油副食项目,大米,9,万元,粮油米面调料类,
471Y,蔬菜项目,其他蔬菜,2,万元,生鲜果蔬类,
574Y,桃项目,水蜜桃,4,万元,生鲜果蔬类,
755Y,花卉苗木项目,花木盆景,7,万元,花卉苗木类,
577Y,桃项目,水蜜桃,12,万元,生鲜果蔬类,
760Y,其他常温水果项目,圣女果,6,万元,生鲜果蔬类,
760Y,花卉苗木项目,鲜花,12,万元,花卉苗木类,
023Y,茶叶项目,花茶,7,万元,茶叶类,
020Y,荔枝项目,荔枝,1,万元,生鲜果蔬类,
371Y,肉类熟食项目,其他肉类熟食,1,万元,生鲜肉类,
431Y,海鲜水产项目,其他海鲜水产,5,万元,海鲜水产类,
536Y,茶叶项目,花茶,6,万元,茶叶类,
574Y,海鲜水产项目,虾类,1,万元,海鲜水产类,
351Y,草莓项目,草莓,20,万元,生鲜果蔬类,
028Y,肉类熟食项目,其他肉类熟食,1,万元,生鲜肉类,
517Y,花卉苗木项目,干花,2,万元,花卉苗木类,
512Y,蔬菜项目,萝卜,7,万元,生鲜果蔬类,
512Y,其他常温水果项目,柿子,18,万元,生鲜果蔬类,
022Y,花卉苗木项目,花木盆景,8,万元,花卉苗木类,
577Y,茶叶项目,花茶,7,万元,茶叶类,
510Y,其他常温水果项目,苹果,5,万元,生鲜果蔬类,
752Y,中秋项目,月饼,6,万元,假日类,
760Y,其他常温水果项目,柿子,6,万元,生鲜果蔬类,
871Y,其他常温水果项目,菠萝,7,万元,生鲜果蔬类,
898Y,其他常温水果项目,柠檬,1,万元,生鲜果蔬类,
898Y,海鲜水产项目,水鱼,5,万元,海鲜水产类,
731Y,其他常温水果项目,黄皮,23,万元,生鲜果蔬类,
731Y,花卉苗木项目,鲜花,12,万元,花卉苗木类,
791Y,蓝莓项目,蓝莓,21,万元,生鲜果蔬类,
791Y,茶叶项目,花茶,2,万元,茶叶类,
574Y,花卉苗木项目,种子,8,万元,花卉苗木类,
592Y,其他常温水果项目,鹰嘴桃,5,万元,生鲜果蔬类,
351Y,蔬菜项目,山药,10,万元,生鲜果蔬类,
517Y,中秋项目,月饼,7,万元,假日类,
510Y,粮油副食项目,蛋奶制品,11,万元,生鲜肉类,
371Y,活体项目,观赏类,26,万元,活体类,
769Y,其他常温水果项目,柠檬,4,万元,生鲜果蔬类,
931Y,蔬菜项目,其他蔬菜,7,万元,生鲜果蔬类,
451Y,蟹项目,海蟹,16,万元,海鲜水产类,
027Y,蔬菜项目,萝卜,2,万元,生鲜果蔬类,
731Y,其他常温水果项目,菠萝,23,万元,生鲜果蔬类,
431Y,粮油副食项目,花椒,9,万元,粮油米面调料类,
311Y,蟹项目,蟹类,20,万元,海鲜水产类,
579Y,海鲜水产项目,其他海鲜水产,7,万元,海鲜水产类,
536Y,枣项目,鲜枣,14,万元,生鲜果蔬类,
025Y,干货项目,蜂蜜,15,万元,其他,
513Y,葡萄项目,葡萄,17,万元,生鲜果蔬类,
595Y,海鲜水产项目,鲅鱼,2,万元,海鲜水产类,
595Y,蟹项目,青蟹,17,万元,海鲜水产类,
022Y,海鲜水产项目,虾类,1,万元,海鲜水产类,
991Y,粮油副食项目,蛋奶制品,17,万元,生鲜肉类,
311Y,活体项目,禽类,25,万元,活体类,
010Y,花卉苗木项目,树苗,14,万元,花卉苗木类,
769Y,蔬菜项目,食用菌,6,万元,生鲜果蔬类,
757Y,石榴项目,石榴,27,万元,生鲜果蔬类,
898Y,蔬菜项目,水果玉米,4,万元,生鲜果蔬类,
898Y,肉类熟食项目,牛羊肉,6,万元,生鲜肉类,
898Y,其他常温水果项目,菠萝,1,万元,生鲜果蔬类,
371Y,樱桃项目,车厘子,12,万元,生鲜果蔬类,
574Y,蔬菜项目,羊肚菌,7,万元,生鲜果蔬类,
351Y,粮油副食项目,蛋奶制品,2,万元,生鲜肉类,
029Y,樱桃项目,樱桃,3,万元,生鲜果蔬类,
023Y,其他常温水果项目,无花果,6,万元,生鲜果蔬类,
769Y,花卉苗木项目,干花,10,万元,花卉苗木类,
757Y,海鲜水产项目,鱼类,2,万元,海鲜水产类,
591Y,海鲜水产项目,牡蛎,2,万元,海鲜水产类,
591Y,海鲜水产项目,鱼类,2,万元,海鲜水产类,
851Y,蔬菜项目,笋,3,万元,生鲜果蔬类,
451Y,花卉苗木项目,干花,12,万元,花卉苗木类,
731Y,蔬菜项目,羊肚菌,3,万元,生鲜果蔬类,
316Y,海鲜水产项目,鱼类,1,万元,海鲜水产类,
532Y,肉类熟食项目,知了猴,7,万元,生鲜肉类,
025Y,蔬菜项目,香菇,5,万元,生鲜果蔬类,
025Y,蔬菜项目,羊肚菌,5,万元,生鲜果蔬类,
595Y,蔬菜项目,笋,11,万元,生鲜果蔬类,
517Y,龙虾项目,小龙虾,4,万元,海鲜水产类,
517Y,草莓项目,草莓,8,万元,生鲜果蔬类,
577Y,蟹项目,青蟹,4,万元,海鲜水产类,
991Y,滋补品项目,蜂蜜,12,万元,其他,
760Y,海鲜水产项目,鲅鱼,2,万元,海鲜水产类,
760Y,干货项目,坚果,3,万元,南北干货类,
871Y,粮油副食项目,大米,10,万元,粮油米面调料类,
023Y,粮油副食项目,黄豆,10,万元,粮油米面调料类,
023Y,海鲜水产项目,贝类,13,万元,海鲜水产类,
010Y,蔬菜项目,椿芽,13,万元,生鲜果蔬类,
010Y,其他常温水果项目,香蕉,10,万元,生鲜果蔬类,
010Y,海鲜水产项目,水鱼,6,万元,海鲜水产类,
010Y,瓜项目,甜瓜,4,万元,生鲜果蔬类,
757Y,其他常温水果项目,其他水果,8,万元,生鲜果蔬类,
027Y,花卉苗木项目,干花,9,万元,花卉苗木类,
731Y,蔬菜项目,山菜,3,万元,生鲜果蔬类,
431Y,肉类熟食项目,蚕蛹,4,万元,生鲜肉类,
536Y,海鲜水产项目,虾类,1,万元,海鲜水产类,
025Y,蔬菜项目,山菜,5,万元,生鲜果蔬类,
595Y,蔬菜项目,羊肚菌,11,万元,生鲜果蔬类,
029Y,瓜项目,甜瓜,16,万元,生鲜果蔬类,
029Y,干货项目,干枣,5,万元,南北干货类,
755Y,其他常温水果项目,鹰嘴桃,12,万元,生鲜果蔬类,
512Y,蔬菜项目,椿芽,7,万元,生鲜果蔬类,
752Y,蔬菜项目,莲藕,9,万元,生鲜果蔬类,
871Y,其他常温水果项目,香蕉,7,万元,生鲜果蔬类,
023Y,其他常温水果项目,石榴,6,万元,生鲜果蔬类,
791Y,活体项目,虫类,22,万元,活体类,
591Y,滋补品项目,银耳,5,万元,南北干货类,
851Y,李子项目,李子,4,万元,生鲜果蔬类,
027Y,蔬菜项目,其他蔬菜,2,万元,生鲜果蔬类,
027Y,其他常温水果项目,柿子,7,万元,生鲜果蔬类,
531Y,花卉苗木项目,种子,4,万元,花卉苗木类,
531Y,海鲜水产项目,其他海鲜水产,5,万元,海鲜水产类,
025Y,粽子项目,粽子,9,万元,假日类,
571Y,桃项目,水蜜桃,13,万元,生鲜果蔬类,
020Y,活体项目,禽类,22,万元,活体类,
010Y,蔬菜项目,凉瓜,13,万元,生鲜果蔬类,
591Y,肉类熟食项目,红肠,3,万元,生鲜肉类,
771Y,肉类熟食项目,红肠,6,万元,生鲜肉类,
731Y,蟹项目,海蟹,14,万元,海鲜水产类,
531Y,肉类熟食项目,知了猴,1,万元,生鲜肉类,
579Y,桃项目,水蜜桃,11,万元,生鲜果蔬类,
574Y,粽子项目,粽子,12,万元,假日类,
029Y,葡萄项目,葡萄,9,万元,生鲜果蔬类,
517Y,蔬菜项目,山药,6,万元,生鲜果蔬类,
022Y,枣项目,鲜枣,16,万元,生鲜果蔬类,
752Y,花卉苗木项目,鲜花,17,万元,花卉苗木类,
760Y,瓜项目,木瓜,21,万元,生鲜果蔬类,
023Y,蔬菜项目,萝卜,9,万元,生鲜果蔬类,
010Y,枇杷项目,枇杷,34,万元,生鲜果蔬类,
010Y,海鲜水产项目,海蜇,6,万元,海鲜水产类,
769Y,其他常温水果项目,莲雾,4,万元,生鲜果蔬类,
769Y,花卉苗木项目,花木盆景,10,万元,花卉苗木类,
591Y,海鲜水产项目,鲅鱼,2,万元,海鲜水产类,
931Y,牛羊肉项目,牛羊肉,1,万元,生鲜肉类,
898Y,海鲜水产项目,海参,5,万元,海鲜水产类,
451Y,干货项目,中药材,6,万元,南北干货类,
311Y,花卉苗木项目,种子,7,万元,花卉苗木类,
028Y,荔枝项目,荔枝,18,万元,生鲜果蔬类,
010Y,粽子项目,粽子,3,万元,假日类,
010Y,瓜项目,哈密瓜,4,万元,生鲜果蔬类,
027Y,瓜项目,木瓜,22,万元,生鲜果蔬类,
731Y,蔬菜项目,土豆,3,万元,生鲜果蔬类,
791Y,其他常温水果项目,百香果,20,万元,生鲜果蔬类,
592Y,海鲜水产项目,海参,1,万元,海鲜水产类,
755Y,其他常温水果项目,网纹瓜,12,万元,生鲜果蔬类,
755Y,其他常温水果项目,其他水果,12,万元,生鲜果蔬类,
028Y,柚子项目,柚子,25,万元,生鲜果蔬类,
517Y,蔬菜项目,其他蔬菜,6,万元,生鲜果蔬类,
512Y,蔬菜项目,辣椒,7,万元,生鲜果蔬类,
571Y,干货项目,板栗,3,万元,生鲜果蔬类,
898Y,活体项目,观赏类,19,万元,活体类,
551Y,海鲜水产项目,虾类,7,万元,海鲜水产类,
769Y,中秋项目,月饼,2,万元,假日类,
769Y,海鲜水产项目,海蜇,8,万元,海鲜水产类,
451Y,大米项目,青稞,3,万元,粮油米面调料类,
451Y,其他常温水果项目,李子,5,万元,生鲜果蔬类,
027Y,其他常温水果项目,蓝莓,7,万元,生鲜果蔬类,
731Y,其他常温水果项目,圣女果,23,万元,生鲜果蔬类,
731Y,花卉苗木项目,种子,12,万元,花卉苗木类,
731Y,海鲜水产项目,虾类,7,万元,海鲜水产类,
531Y,肉类熟食项目,鸡肉,1,万元,生鲜肉类,
532Y,蔬菜项目,山菜,5,万元,生鲜果蔬类,
471Y,花卉苗木项目,鲜花,3,万元,花卉苗木类,
351Y,肉类熟食项目,其他肉类熟食,11,万元,生鲜肉类,
022Y,蔬菜项目,萝卜,7,万元,生鲜果蔬类,
760Y,粽子项目,粽子,10,万元,假日类,
571Y,干货项目,坚果,3,万元,南北干货类,
023Y,蔬菜项目,辣椒,9,万元,生鲜果蔬类,
551Y,活体项目,虫类,22,万元,活体类,
769Y,蔬菜项目,土豆,6,万元,生鲜果蔬类,
931Y,粮油副食项目,青稞,10,万元,粮油米面调料类,
020Y,海鲜水产项目,鲅鱼,2,万元,海鲜水产类,
027Y,蟹项目,蟹类,11,万元,海鲜水产类,
731Y,肉类熟食项目,鸡肉,1,万元,生鲜肉类,
731Y,茶叶项目,花茶,2,万元,茶叶类,
311Y,枣项目,干枣,21,万元,南北干货类,
311Y,杏项目,杏子,22,万元,生鲜果蔬类,
024Y,枣项目,鲜枣,21,万元,生鲜果蔬类,
513Y,海鲜水产项目,贝类,2,万元,海鲜水产类,
592Y,花卉苗木项目,树苗,4,万元,花卉苗木类,
029Y,瓜项目,哈密瓜,16,万元,生鲜果蔬类,
028Y,芒果项目,芒果,22,万元,生鲜果蔬类,
022Y,海鲜水产项目,海蜇,1,万元,海鲜水产类,
510Y,肉类熟食项目,肉丸,9,万元,生鲜肉类,
760Y,其他常温水果项目,莲雾,6,万元,生鲜果蔬类,
871Y,其他常温水果项目,猕猴桃,7,万元,生鲜果蔬类,
577Y,活体项目,禽类,15,万元,活体类,
851Y,活体项目,禽类,26,万元,活体类,
010Y,其他常温水果项目,菠萝,10,万元,生鲜果蔬类,
731Y,桔橙项目,桔橙,8,万元,生鲜果蔬类,
532Y,葡萄项目,葡萄,15,万元,生鲜果蔬类,
592Y,蔬菜项目,山药,8,万元,生鲜果蔬类,
755Y,大米项目,大米,11,万元,粮油米面调料类,
028Y,火龙果项目,火龙果,31,万元,生鲜果蔬类,
517Y,蔬菜项目,山菜,6,万元,生鲜果蔬类,
517Y,海鲜水产项目,贝类,1,万元,海鲜水产类,
577Y,花卉苗木项目,鲜花,8,万元,花卉苗木类,
760Y,滋补品项目,蜂蜜,8,万元,其他,
571Y,牛羊肉项目,牛羊肉,7,万元,生鲜肉类,
023Y,花卉苗木项目,种子,5,万元,花卉苗木类,
771Y,茶叶项目,花茶,4,万元,茶叶类,
898Y,荔枝项目,荔枝,3,万元,生鲜果蔬类,
731Y,海鲜水产项目,贝类,7,万元,海鲜水产类,
579Y,蔬菜项目,枸杞,4,万元,生鲜果蔬类,
579Y,其他常温水果项目,圣女果,16,万元,生鲜果蔬类,
024Y,粮油副食项目,粮油米面调料,14,万元,粮油米面调料类,
513Y,海鲜水产项目,其他海鲜水产,2,万元,海鲜水产类,
592Y,其他常温水果项目,圣女果,5,万元,生鲜果蔬类,
755Y,其他常温水果项目,桔橙,12,万元,生鲜果蔬类,
028Y,干货项目,坚果,8,万元,南北干货类,
991Y,肉类熟食项目,肉丸,6,万元,生鲜肉类,
991Y,苹果项目,苹果,3,万元,生鲜果蔬类,
760Y,芒果项目,芒果,16,万元,生鲜果蔬类,
791Y,活体项目,禽类,22,万元,活体类,
851Y,蔬菜项目,凉瓜,3,万元,生鲜果蔬类,
851Y,牛羊肉项目,牛羊肉,9,万元,生鲜肉类,
027Y,滋补品项目,蜂蜜,6,万元,其他,
027Y,葡萄项目,葡萄,18,万元,生鲜果蔬类,
791Y,桃项目,水蜜桃,15,万元,生鲜果蔬类,
025Y,花卉苗木项目,花木盆景,7,万元,花卉苗木类,
471Y,花卉苗木项目,树苗,3,万元,花卉苗木类,
574Y,海鲜水产项目,海参,1,万元,海鲜水产类,
021Y,中秋项目,月饼,3,万元,假日类,
755Y,牛羊肉项目,牛羊肉,5,万元,生鲜肉类,
752Y,海鲜水产项目,虾类,1,万元,海鲜水产类,
757Y,樱桃项目,樱桃,18,万元,生鲜果蔬类,
591Y,花卉苗木项目,树苗,9,万元,花卉苗木类,
791Y,桔橙项目,桔橙,1,万元,生鲜果蔬类,
532Y,蔬菜项目,辣椒,5,万元,生鲜果蔬类,
025Y,蔬菜项目,山药,5,万元,生鲜果蔬类,
592Y,蔬菜项目,鸡头米,8,万元,生鲜果蔬类,
592Y,海鲜水产项目,海蜇,1,万元,海鲜水产类,
021Y,海鲜水产项目,海参,2,万元,海鲜水产类,
512Y,蔬菜项目,山菜,7,万元,生鲜果蔬类,
871Y,粮油副食项目,黄豆,10,万元,粮油米面调料类,
431Y,活体项目,观赏类,22,万元,活体类,
551Y,粮油副食项目,蛋奶制品,5,万元,生鲜肉类,
771Y,火龙果项目,火龙果,13,万元,生鲜果蔬类,
371Y,蔬菜项目,食用菌,4,万元,生鲜果蔬类,
451Y,蔬菜项目,红薯,4,万元,生鲜果蔬类,
027Y,其他常温水果项目,樱桃,7,万元,生鲜果蔬类,
311Y,草莓项目,草莓,13,万元,生鲜果蔬类,
595Y,桃项目,水蜜桃,18,万元,生鲜果蔬类,
592Y,李子项目,李子,20,万元,生鲜果蔬类,
022Y,桃项目,水蜜桃,17,万元,生鲜果蔬类,
510Y,海鲜水产项目,鱼类,14,万元,海鲜水产类,
760Y,桔橙项目,桔橙,11,万元,生鲜果蔬类,
571Y,粮油副食项目,大米,7,万元,生鲜肉类,
595Y,活体项目,禽类,21,万元,活体类,
771Y,活体项目,观赏类,21,万元,活体类,
931Y,其他生鲜项目,西梅,19,万元,生鲜果蔬类,
371Y,粽子项目,粽子,16,万元,假日类,
451Y,参茸项目,松茸,10,万元,生鲜果蔬类,
027Y,瓜项目,甜瓜,22,万元,生鲜果蔬类,
731Y,其他常温水果项目,人参果,23,万元,生鲜果蔬类,
311Y,中秋项目,月饼,10,万元,假日类,
025Y,海鲜水产项目,其他海鲜水产,10,万元,海鲜水产类,
513Y,粮油副食项目,黄豆,5,万元,粮油米面调料类,
755Y,海鲜水产项目,其他海鲜水产,6,万元,海鲜水产类,
512Y,牛羊肉项目,牛羊肉,6,万元,生鲜肉类,
512Y,海鲜水产项目,其他海鲜水产,4,万元,海鲜水产类,
577Y,肉类熟食项目,鸡肉,5,万元,生鲜肉类,
510Y,蔬菜项目,山药,6,万元,生鲜果蔬类,
510Y,其他常温水果项目,火龙果,5,万元,生鲜果蔬类,
752Y,蔬菜项目,辣椒,9,万元,生鲜果蔬类,
752Y,其他常温水果项目,芒果,8,万元,生鲜果蔬类,
010Y,蔬菜项目,土豆,13,万元,生鲜果蔬类,
769Y,蔬菜项目,其他蔬菜,6,万元,生鲜果蔬类,
931Y,蔬菜项目,食用菌,7,万元,生鲜果蔬类,
451Y,其他常温水果项目,苹果,5,万元,生鲜果蔬类,
027Y,大米项目,青稞,17,万元,粮油米面调料类,
731Y,粮油副食项目,粮油米面调料,4,万元,粮油米面调料类,
531Y,樱桃项目,樱桃,7,万元,生鲜果蔬类,
532Y,瓜项目,甜瓜,20,万元,生鲜果蔬类,
532Y,干货项目,板栗,4,万元,生鲜果蔬类,
471Y,蔬菜项目,山药,2,万元,生鲜果蔬类,
595Y,海鲜水产项目,虾类,2,万元,海鲜水产类,
592Y,牛羊肉项目,牛羊肉,9,万元,生鲜肉类,
029Y,枣项目,鲜枣,7,万元,生鲜果蔬类,
512Y,蔬菜项目,莲藕,7,万元,生鲜果蔬类,
571Y,活体项目,观赏类,8,万元,活体类,
513Y,活体项目,禽类,18,万元,活体项目,
551Y,滋补品项目,中药材,2,万元,南北干货类,
757Y,海鲜水产项目,水鱼,2,万元,海鲜水产类,
757Y,大米项目,大米,16,万元,粮油米面调料类,
771Y,猕猴桃项目,猕猴桃,20,万元,生鲜果蔬类,
851Y,滋补品项目,蜂蜜,6,万元,南北干货类,
371Y,瓜项目,网纹瓜,23,万元,生鲜果蔬类,
027Y,肉类熟食项目,蚕蛹,1,万元,生鲜肉类,
027Y,其他常温水果项目,柠檬,7,万元,生鲜果蔬类,
731Y,海鲜水产项目,查干湖鱼,7,万元,海鲜水产类,
316Y,粽子项目,粽子,15,万元,假日类,
316Y,花卉苗木项目,百合,6,万元,花卉苗木类,
311Y,花卉苗木项目,花木盆景,7,万元,花卉苗木类,
579Y,蟹项目,青蟹,15,万元,海鲜水产类,
579Y,大米项目,大米,12,万元,粮油米面调料类,
595Y,蔬菜项目,食用菌,11,万元,生鲜果蔬类,
595Y,蟹项目,海蟹,17,万元,海鲜水产类,
592Y,其他常温水果项目,黄皮,5,万元,生鲜果蔬类,
028Y,枇杷项目,枇杷,16,万元,生鲜果蔬类,
022Y,海鲜水产项目,其他海鲜水产,1,万元,海鲜水产类,
577Y,蟹项目,海蟹,4,万元,海鲜水产类,
010Y,瓜项目,西瓜,4,万元,生鲜果蔬类,
591Y,茶叶项目,花茶,1,万元,茶叶类,
451Y,瓜项目,甜瓜,9,万元,生鲜果蔬类,
731Y,肉类熟食项目,肉丸,1,万元,生鲜肉类,
513Y,龙虾项目,小龙虾,11,万元,海鲜水产类,
592Y,李子项目,柰子,20,万元,生鲜果蔬类,
752Y,海鲜水产项目,牡蛎,1,万元,海鲜水产类,
752Y,干货项目,南北干货,10,万元,南北干货类,
023Y,柚子项目,柚子,15,万元,生鲜果蔬类,
023Y,其他常温水果项目,香蕉,6,万元,生鲜果蔬类,
898Y,蔬菜项目,红薯,4,万元,生鲜果蔬类,
371Y,蔬菜项目,椿芽,4,万元,生鲜果蔬类,
791Y,海鲜水产项目,其他海鲜水产,14,万元,海鲜水产类,
579Y,茶叶项目,花茶,1,万元,茶叶类,
574Y,梨项目,梨,18,万元,生鲜果蔬类,
021Y,花卉苗木项目,鲜花,5,万元,花卉苗木类,
577Y,茶叶项目,茶叶,7,万元,茶叶类,
023Y,樱桃项目,樱桃,25,万元,生鲜果蔬类,
510Y,活体项目,禽类,22,万元,活体类,
931Y,粮油副食项目,蛋奶制品,10,万元,生鲜肉类,
771Y,海鲜水产项目,牡蛎,5,万元,海鲜水产类,
771Y,花卉苗木项目,苗木,8,万元,花卉苗木类,
851Y,蔬菜项目,萝卜,3,万元,生鲜果蔬类,
898Y,蔬菜项目,羊肚菌,4,万元,生鲜果蔬类,
451Y,干货项目,咖啡,6,万元,南北干货类,
027Y,肉类熟食项目,其他肉类熟食,1,万元,生鲜肉类,
791Y,蔬菜项目,山药,6,万元,生鲜果蔬类,
024Y,其他常温水果项目,李子,12,万元,生鲜果蔬类,
536Y,粮油副食项目,蛋奶制品,9,万元,生鲜肉类,
536Y,海鲜水产项目,海蜇,1,万元,海鲜水产类,
025Y,牛羊肉项目,牛羊肉,6,万元,生鲜肉类,
574Y,蟹项目,蟹类,3,万元,海鲜水产类,
592Y,中秋项目,月饼,7,万元,假日类,
592Y,干货项目,干枣,2,万元,南北干货类,
592Y,肉类熟食项目,蚕蛹,6,万元,生鲜肉类,
517Y,粽子项目,粽子,12,万元,假日类,
512Y,龙虾项目,小龙虾,10,万元,海鲜水产类,
512Y,干货项目,坚果,17,万元,南北干货类,
577Y,花卉苗木项目,种子,8,万元,花卉苗木类,
991Y,枣项目,干枣,8,万元,南北干货类,
760Y,茶叶项目,茶叶,9,万元,茶叶类,
571Y,干货项目,核桃,3,万元,南北干货类,
577Y,活体项目,虫类,15,2万元,活体类,
931Y,杏项目,杏子,13,万元,生鲜果蔬类,
020Y,虫草项目,虫草,21,万元,生鲜果蔬类,
371Y,枣项目,鲜枣,24,万元,生鲜果蔬类,
027Y,干货项目,咖啡,10,万元,其他,
311Y,肉类熟食项目,蚕蛹,2,万元,生鲜肉类,
471Y,蔬菜项目,山菜,2,万元,生鲜果蔬类,
574Y,蔬菜项目,笋,7,万元,生鲜果蔬类,
574Y,海鲜水产项目,水鱼,1,万元,海鲜水产类,
517Y,海鲜水产项目,查干湖鱼,1,万元,海鲜水产类,
577Y,海鲜水产项目,其他海鲜水产,2,万元,海鲜水产类,
752Y,蔬菜项目,红薯,9,万元,生鲜果蔬类,
752Y,其他常温水果项目,释迦,8,万元,生鲜果蔬类,
871Y,干货项目,咖啡,8,万元,其他,
022Y,活体项目,禽类,22,万元,活体类,
010Y,牛羊肉项目,牛羊肉,7,万元,生鲜肉类,
757Y,滋补品项目,蜂蜜,5,万元,其他,
931Y,粽子项目,粽子,21,万元,假日类,
771Y,海鲜水产项目,贝类,5,万元,海鲜水产类,
851Y,花卉苗木项目,百合,24,万元,花卉苗木类,
898Y,蔬菜项目,山药,4,万元,生鲜果蔬类,
898Y,茶叶项目,茶叶,8,万元,茶叶类,
451Y,海鲜水产项目,虾类,7,万元,海鲜水产类,
532Y,其他生鲜项目,无花果,13,万元,生鲜果蔬类,
532Y,茶叶项目,花茶,6,万元,茶叶类,
592Y,粮油副食项目,花椒,13,万元,粮油米面调料类,
592Y,花卉苗木项目,花木盆景,4,万元,花卉苗木类,
028Y,石榴项目,石榴,14,万元,生鲜果蔬类,
752Y,桃项目,水蜜桃,11,万元,生鲜果蔬类,
757Y,瓜项目,甜瓜,24,万元,生鲜果蔬类,
898Y,其他常温水果项目,椰子,1,万元,生鲜果蔬类,
451Y,花卉苗木项目,树苗,12,万元,花卉苗木类,
431Y,蓝莓项目,蓝莓,15,万元,生鲜果蔬类,
431Y,花卉苗木项目,干花,10,万元,花卉苗木类,
532Y,梨项目,梨,12,万元,生鲜果蔬类,
574Y,蔬菜项目,食用菌,7,万元,生鲜果蔬类,
574Y,海鲜水产项目,鱼类,1,万元,海鲜水产类,
592Y,柚子项目,柚子,11,万元,生鲜果蔬类,
510Y,蔬菜项目,莲藕,6,万元,生鲜果蔬类,
991Y,牛羊肉项目,牛羊肉,2,万元,生鲜肉类,
752Y,蟹项目,蟹类,20,万元,海鲜水产类,
871Y,其他常温水果项目,甜瓜,7,万元,生鲜果蔬类,
571Y,蔬菜项目,其他蔬菜,2,万元,生鲜果蔬类,
571Y,肉类熟食项目,鸡肉,17,万元,生鲜肉类,
023Y,滋补品项目,虫草,4,万元,南北干货类,
028Y,活体项目,观赏类,32,万元,活体类,
931Y,肉类熟食项目,鸡肉,11,万元,生鲜肉类,
771Y,蔬菜项目,其他蔬菜,18,万元,生鲜果蔬类,
579Y,蔬菜项目,香菇,4,万元,生鲜果蔬类,
024Y,其他常温水果项目,葡萄,12,万元,生鲜果蔬类,
536Y,蔬菜项目,椿芽,3,万元,生鲜果蔬类,
471Y,蔬菜项目,红薯,2,万元,生鲜果蔬类,
574Y,蔬菜项目,椿芽,7,万元,生鲜果蔬类,
574Y,蔬菜项目,凉瓜,7,万元,生鲜果蔬类,
574Y,花卉苗木项目,花木盆景,8,万元,花卉苗木类,
574Y,花卉苗木项目,树苗,8,万元,花卉苗木类,
351Y,杏项目,杏子,14,万元,生鲜果蔬类,
029Y,桃项目,水蜜桃,13,万元,生鲜果蔬类,
021Y,茶叶项目,花茶,4,万元,茶叶类,
022Y,蟹项目,海蟹,5,万元,海鲜水产类,
577Y,海鲜水产项目,鲅鱼,2,万元,海鲜水产类,
769Y,海鲜水产项目,鲅鱼,8,万元,海鲜水产类,
769Y,海鲜水产项目,鱼类,8,万元,海鲜水产类,
027Y,其他常温水果项目,草莓,7,万元,生鲜果蔬类,
431Y,桃项目,水蜜桃,21,万元,生鲜果蔬类,
579Y,海鲜水产项目,查干湖鱼,7,万元,海鲜水产类,
579Y,其他常温水果项目,鲜枣,16,万元,生鲜果蔬类,
532Y,桃项目,水蜜桃,16,万元,生鲜果蔬类,
536Y,粽子项目,粽子,20,万元,假日类,
513Y,干货项目,榛子,6,万元,南北干货类,
471Y,花卉苗木项目,种子,3,万元,花卉苗木类,
029Y,枸杞项目,鲜枸杞,8,万元,生鲜果蔬类,
517Y,蔬菜项目,香菇,6,万元,生鲜果蔬类,
991Y,蔬菜项目,山药,10,万元,生鲜果蔬类,
871Y,其他常温水果项目,杨桃,7,万元,生鲜果蔬类,
871Y,苹果项目,苹果,13,万元,生鲜果蔬类,
023Y,桃项目,水蜜桃,17,万元,生鲜果蔬类,
023Y,海鲜水产项目,海参,13,万元,海鲜水产类,
592Y,活体项目,虫类,23,万元,活体类,
757Y,蔬菜项目,笋,14,万元,生鲜果蔬类,
757Y,蔬菜项目,香菇,14,万元,生鲜果蔬类,
027Y,蔬菜项目,折耳根,2,万元,生鲜果蔬类,
027Y,参茸项目,松茸,20,万元,生鲜果蔬类,
513Y,蔬菜项目,莲藕,4,万元,生鲜果蔬类,
755Y,干货项目,坚果,3,万元,南北干货类,
371Y,花卉苗木项目,鲜花,8,万元,花卉苗木类,
431Y,肉类熟食项目,鸡肉,4,万元,生鲜肉类,
579Y,其他常温水果项目,其他水果,16,万元,生鲜果蔬类,
024Y,樱桃项目,樱桃,2,万元,生鲜果蔬类,
536Y,蟹项目,蟹类,12,万元,海鲜水产类,
536Y,花卉苗木项目,树苗,4,万元,花卉苗木类,
471Y,樱桃项目,樱桃,12,万元,生鲜果蔬类,
574Y,海鲜水产项目,鲅鱼,1,万元,海鲜水产类,
351Y,蔬菜项目,食用菌,10,万元,生鲜果蔬类,
351Y,干货项目,南北干货,8,万元,南北干货类,
512Y,梨项目,梨,15,万元,生鲜果蔬类,
752Y,其他常温水果项目,梨,8,万元,生鲜果蔬类,
760Y,蔬菜项目,莲藕,13,万元,生鲜果蔬类,
757Y,中秋项目,月饼,1,万元,假日类,
451Y,蔬菜项目,辣椒,4,万元,生鲜果蔬类,
027Y,蔬菜项目,桑葚,2,万元,生鲜果蔬类,
574Y,葡萄项目,葡萄,15,万元,生鲜果蔬类,
592Y,蔬菜项目,山菜,8,万元,生鲜果蔬类,
351Y,茶叶项目,茶叶,7,万元,茶叶类,
022Y,桃项目,杏子,17,万元,生鲜果蔬类,
577Y,其他常温水果项目,蓝莓,10,万元,生鲜果蔬类,
991Y,梨项目,梨,7,万元,生鲜果蔬类,
757Y,龙眼项目,龙眼,17,万元,生鲜果蔬类,
591Y,蟹项目,青蟹,16,万元,海鲜水产类,
771Y,中秋项目,月饼,3,万元,假日类,
851Y,花卉苗木项目,树苗,24,万元,花卉苗木类,
371Y,海鲜水产项目,小龙虾,9,万元,海鲜水产类,
579Y,中秋项目,月饼,6,万元,假日类,
024Y,粽子项目,粽子,19,万元,假日类,
536Y,草莓项目,草莓,17,万元,生鲜果蔬类,
471Y,蔬菜项目,辣椒,2,万元,生鲜果蔬类,
991Y,海鲜水产项目,鱼类,19,万元,海鲜水产类,
010Y,其他常温水果项目,柿子,10,万元,生鲜果蔬类,
851Y,蔬菜项目,食用菌,3,万元,生鲜果蔬类,
027Y,滋补品项目,中药材,6,万元,南北干货类,
027Y,其他常温水果项目,圣女果,7,万元,生鲜果蔬类,
027Y,海鲜水产项目,鱼类,13,万元,海鲜水产类,
579Y,海鲜水产项目,鲅鱼,7,万元,海鲜水产类,
024Y,蔬菜项目,其他蔬菜,6,万元,生鲜果蔬类,
513Y,花卉苗木项目,鲜花,8,万元,花卉苗木类,
592Y,粽子项目,粽子,15,万元,假日类,
755Y,其他常温水果项目,猕猴桃,12,万元,生鲜果蔬类,
022Y,蔬菜项目,食用菌,7,万元,生鲜果蔬类,
022Y,粮油副食项目,黄豆,11,万元,粮油米面调料类,
991Y,花卉苗木项目,种子,25,万元,花卉苗木类,
752Y,其他常温水果项目,椰子,8,万元,生鲜果蔬类,
760Y,蔬菜项目,土豆,13,万元,生鲜果蔬类,
760Y,李子项目,李子,14,万元,生鲜果蔬类,
871Y,其他常温水果项目,百香果,7,万元,生鲜果蔬类,
010Y,肉类熟食项目,肉丸,9,万元,生鲜肉类,
020Y,海鲜水产项目,鱼类,2,万元,海鲜水产类,
371Y,肉类熟食项目,红肠,1,万元,生鲜肉类,
451Y,海鲜水产项目,查干湖鱼,7,万元,海鲜水产类,
574Y,蔬菜项目,山菜,7,万元,生鲜果蔬类,
351Y,干货项目,坚果,8,万元,南北干货类,
022Y,花卉苗木项目,树苗,8,万元,花卉苗木类,
752Y,滋补品项目,百合,7,万元,南北干货类,
752Y,其他常温水果项目,菠萝蜜,8,万元,生鲜果蔬类,
752Y,其他常温水果项目,其他水果,16,万元,生鲜果蔬类,
871Y,草莓项目,草莓,23,万元,生鲜果蔬类,
020Y,茶叶项目,花茶,4,万元,茶叶类,
027Y,肉类熟食项目,鸡肉,1,万元,生鲜肉类,
731Y,其他常温水果项目,其他水果,23,万元,生鲜果蔬类,
531Y,瓜项目,网纹瓜,15,万元,生鲜果蔬类,
532Y,中秋项目,月饼,8,万元,假日类,
592Y,蔬菜项目,百合,8,万元,生鲜果蔬类,
592Y,粮油副食项目,青稞,13,万元,粮油米面调料类,
028Y,葡萄项目,葡萄,23,万元,生鲜果蔬类,
022Y,瓜项目,西瓜,21,万元,生鲜果蔬类,
510Y,滋补品项目,百合,17,万元,南北干货类,
510Y,蔬菜项目,辣椒,6,万元,生鲜果蔬类,
991Y,蔬菜项目,土豆,10,万元,生鲜果蔬类,
760Y,桔橙项目,新会柑,11,万元,生鲜果蔬类,
023Y,滋补品项目,艾草,4,万元,南北干货类,
023Y,其他常温水果项目,八月瓜,6,万元,生鲜果蔬类,
023Y,其他常温水果项目,百香果,6,万元,生鲜果蔬类,
010Y,蔬菜项目,笋,13,万元,生鲜果蔬类,
451Y,大米项目,大米,3,万元,粮油米面调料类,
451Y,海鲜水产项目,鲅鱼,7,万元,海鲜水产类,
791Y,茶叶项目,茶叶,2,万元,茶叶类,
025Y,花卉苗木项目,鲜花,7,万元,花卉苗木类,
574Y,蟹项目,海蟹,3,万元,海鲜水产类,
592Y,海鲜水产项目,贝类,1,万元,海鲜水产类,
029Y,蔬菜项目,食用菌,11,万元,生鲜果蔬类,
029Y,蔬菜项目,凉瓜,11,万元,生鲜果蔬类,
512Y,海鲜水产项目,鱼类,4,万元,海鲜水产类,
512Y,大米项目,大米,12,万元,粮油米面调料类,
510Y,蔬菜项目,土豆,6,万元,生鲜果蔬类,
769Y,海鲜水产项目,虾类,8,万元,海鲜水产类,
757Y,肉类熟食项目,肉丸,3,万元,生鲜肉类,
771Y,海鲜水产项目,海参,5,万元,海鲜水产类,
579Y,粮油副食项目,粮油米面调料,9,万元,粮油米面调料类,
536Y,樱桃项目,樱桃,2,万元,生鲜果蔬类,
536Y,海鲜水产项目,海参,1,万元,海鲜水产类,
595Y,茶叶项目,茶叶,1,万元,茶叶类,
592Y,枣项目,鲜枣,19,万元,生鲜果蔬类,
592Y,海鲜水产项目,水鱼,1,万元,海鲜水产类,
029Y,蔬菜项目,椿芽,11,万元,生鲜果蔬类,
512Y,花卉苗木项目,鲜花,8,万元,花卉苗木类,
510Y,龙虾项目,小龙虾,16,万元,海鲜水产类,
991Y,枣项目,鲜枣,8,万元,生鲜果蔬类,
752Y,其他常温水果项目,山楂,8,万元,生鲜果蔬类,
571Y,茶叶项目,茶叶,1,万元,茶叶类,
757Y,干货项目,核桃,11,万元,南北干货类,
591Y,其他常温水果项目,板栗,12,万元,生鲜果蔬类,
931Y,粮油副食项目,大米,10,万元,粮油米面调料类,
851Y,蔬菜项目,香菇,3,万元,生鲜果蔬类,
451Y,活体项目,观赏类,7,万元,活体类,
431Y,蔬菜项目,红薯,2,万元,生鲜果蔬类,
532Y,肉类熟食项目,肉丸,7,万元,生鲜肉类,
536Y,蔬菜项目,凉瓜,3,万元,生鲜果蔬类,
592Y,花卉苗木项目,苗木,4,万元,花卉苗木类,
871Y,参茸项目,松茸,3,万元,生鲜果蔬类,
571Y,中秋项目,月饼,6,万元,假日类,
023Y,苹果项目,苹果,21,万元,生鲜果蔬类,
757Y,蟹项目,海蟹,22,万元,海鲜水产类,
591Y,龙眼项目,龙眼,15,万元,龙眼项目,
931Y,花卉苗木项目,干花,12,万元,花卉苗木类,
771Y,芒果项目,芒果,10,万元,生鲜果蔬类,
451Y,花卉苗木项目,花木盆景,12,万元,花卉苗木类,
579Y,蔬菜项目,其他蔬菜,4,万元,生鲜果蔬类,
536Y,石榴项目,石榴,18,万元,生鲜果蔬类,
029Y,茶叶项目,茶叶,4,万元,茶叶类,
517Y,海鲜水产项目,海蜇,1,万元,海鲜水产类,
510Y,海鲜水产项目,水鱼,14,万元,海鲜水产类,
510Y,葡萄项目,葡萄,13,万元,生鲜果蔬类,
760Y,活体项目,禽类,24,万元,活体类,
757Y,瓜项目,西瓜,24,万元,生鲜果蔬类,
931Y,花卉苗木项目,树苗,12,万元,花卉苗木类,
851Y,杨梅项目,杨梅,19,万元,生鲜果蔬类,
851Y,蔬菜项目,其他蔬菜,3,万元,生鲜果蔬类,
851Y,海鲜水产项目,其他海鲜水产,25,万元,海鲜水产类,
898Y,干货项目,咖啡,14,万元,其他,
027Y,粮油副食项目,粮油米面调料,8,万元,粮油米面调料类,
027Y,海鲜水产项目,鲅鱼,13,万元,海鲜水产类,
531Y,蔬菜项目,土豆,2,万元,生鲜果蔬类,
532Y,海鲜水产项目,海蜇,1,万元,海鲜水产类,
592Y,其他常温水果项目,西瓜,5,万元,生鲜果蔬类,
029Y,苹果项目,苹果,6,万元,生鲜果蔬类,
871Y,桔橙项目,桔橙,11,万元,生鲜果蔬类,
023Y,蟹项目,蟹类,18,万元,海鲜水产类,
551Y,肉类熟食项目,知了猴,3,万元,生鲜肉类,
027Y,海鲜水产项目,贝类,13,万元,海鲜水产类,
024Y,蔬菜项目,辣椒,6,万元,生鲜果蔬类,
024Y,海鲜水产项目,牡蛎,1,万元,海鲜水产类,
536Y,蔬菜项目,红薯,3,万元,生鲜果蔬类,
513Y,桃项目,水蜜桃,15,万元,生鲜果蔬类,
513Y,肉类熟食项目,红肠,3,万元,生鲜肉类,
592Y,其他常温水果项目,人参果,5,万元,生鲜果蔬类,
022Y,瓜项目,甜瓜,21,万元,生鲜果蔬类,
510Y,其他常温水果项目,樱桃,5,万元,生鲜果蔬类,
991Y,干货项目,南北干货,1,万元,南北干货类,
760Y,牛羊肉项目,牛羊肉,17,万元,生鲜肉类,
574Y,活体项目,观赏类,21,万元,活体类,
757Y,枣项目,鲜枣,32,万元,生鲜果蔬类,
931Y,蔬菜项目,辣椒,7,万元,生鲜果蔬类,
931Y,草莓项目,草莓,20,万元,生鲜果蔬类,
020Y,其他常温水果项目,柚子,12,万元,生鲜果蔬类,
020Y,榴莲项目,榴莲,11,万元,生鲜果蔬类,
579Y,粮油副食项目,黄豆,9,万元,粮油米面调料类,
592Y,蟹项目,蟹类,12,万元,海鲜水产类,
028Y,中秋项目,月饼,10,万元,假日类,
512Y,蔬菜项目,笋,7,万元,生鲜果蔬类,
757Y,花卉苗木项目,鲜花,6,万元,花卉苗木类,
898Y,蟹项目,青蟹,18,万元,海鲜水产类,
311Y,肉类熟食项目,知了猴,2,万元,生鲜肉类,
536Y,蔬菜项目,土豆,3,万元,生鲜果蔬类,
025Y,葡萄项目,葡萄,14,万元,生鲜果蔬类,
574Y,蔬菜项目,鸡头米,7,万元,生鲜果蔬类,
512Y,蔬菜项目,香菇,7,万元,生鲜果蔬类,
512Y,茶叶项目,茶叶,3,万元,茶叶类,
512Y,草莓项目,草莓,16,万元,生鲜果蔬类,
510Y,李子项目,李子,21,万元,生鲜果蔬类,
760Y,蔬菜项目,红薯,13,万元,生鲜果蔬类,
769Y,活体项目,虫类,18,万元,活体类,
757Y,其他常温水果项目,菠萝,8,万元,生鲜果蔬类,
591Y,桃项目,水蜜桃,8,万元,生鲜果蔬类,
451Y,其他常温水果项目,梨,5,万元,生鲜果蔬类,
731Y,桃项目,水蜜桃,5,万元,生鲜果蔬类,
311Y,粮油副食项目,粮油米面调料,3,万元,粮油米面调料类,
579Y,蔬菜项目,羊肚菌,4,万元,生鲜果蔬类,
471Y,蔬菜项目,食用菌,2,万元,生鲜果蔬类,
755Y,其他常温水果项目,芒果,12,万元,生鲜果蔬类,
755Y,花卉苗木项目,苗木,7,万元,花卉苗木类,
022Y,粮油副食项目,粮油米面调料,11,万元,粮油米面调料类,
752Y,滋补品项目,银耳,7,万元,南北干货类,
752Y,海鲜水产项目,鱼类,1,万元,海鲜水产类,
752Y,肉类熟食项目,肉丸,2,万元,生鲜肉类,
871Y,滋补品项目,枸杞,5,万元,南北干货类,
023Y,滋补品项目,枸杞,4,万元,南北干货类,
027Y,活体项目,观赏类,25,万元,活体类,
010Y,粮油副食项目,黄豆,11,万元,粮油米面调料类,
757Y,蔬菜项目,其他蔬菜,14,万元,生鲜果蔬类,
451Y,海鲜水产项目,海蜇,7,万元,海鲜水产类,
027Y,桃项目,鹰嘴桃,15,万元,生鲜果蔬类,
731Y,桃项目,鹰嘴桃,5,万元,生鲜果蔬类,
311Y,其他常温水果项目,柿子,24,万元,生鲜果蔬类,
024Y,茶叶项目,花茶,11,万元,茶叶类,
595Y,海鲜水产项目,其他海鲜水产,2,万元,海鲜水产类,
029Y,其他常温水果项目,柿子,15,万元,生鲜果蔬类,
022Y,花卉苗木项目,种子,8,万元,花卉苗木类,
757Y,龙虾项目,小龙虾,30,万元,海鲜水产类,
931Y,樱桃项目,樱桃,6,万元,生鲜果蔬类,
771Y,肉类熟食项目,知了猴,6,万元,生鲜肉类,
851Y,蔬菜项目,折耳根,3,万元,生鲜果蔬类,
371Y,蔬菜项目,香菇,4,万元,生鲜果蔬类,
451Y,肉类熟食项目,红肠,2,万元,生鲜肉类,
027Y,桃项目,水蜜桃,15,万元,生鲜果蔬类,
731Y,蔬菜项目,莲藕,3,万元,生鲜果蔬类,
316Y,草莓项目,草莓,14,万元,生鲜果蔬类,
025Y,茶叶项目,花茶,4,万元,茶叶类,
351Y,其他常温水果项目,桔橙,15,万元,生鲜果蔬类,
028Y,滋补品项目,中药材,6,万元,南北干货类,
022Y,苹果项目,苹果,19,万元,生鲜果蔬类,
752Y,蔬菜项目,食用菌,9,万元,生鲜果蔬类,
595Y,活体项目,观赏类,21,万元,活体类,
531Y,活体项目,禽类,24,万元,活体类,
771Y,荔枝项目,荔枝,1,万元,生鲜果蔬类,
451Y,大米项目,花椒,3,万元,粮油米面调料类,
731Y,粽子项目,粽子,9,万元,假日类,
731Y,粮油副食项目,蛋奶制品,4,万元,生鲜肉类,
731Y,滋补品项目,中药材,22,万元,南北干货类,
531Y,龙虾项目,小龙虾,19,万元,海鲜水产类,
791Y,蟹项目,海蟹,7,万元,海鲜水产类,
513Y,蔬菜项目,红薯,4,万元,生鲜果蔬类,
513Y,蔬菜项目,羊肚菌,4,万元,生鲜果蔬类,
595Y,粽子项目,粽子,13,万元,假日类,
595Y,荔枝项目,荔枝,4,万元,生鲜果蔬类,
595Y,海鲜水产项目,鱼类,2,万元,海鲜水产类,
592Y,干货项目,坚果,12,万元,南北干货类,
028Y,蔬菜项目,辣椒,11,万元,生鲜果蔬类,
517Y,茶叶项目,花茶,10,万元,茶叶类,
022Y,蔬菜项目,土豆,7,万元,生鲜果蔬类,
752Y,海鲜水产项目,其他海鲜水产,1,万元,海鲜水产类,
760Y,海鲜水产项目,鱼类,2,万元,海鲜水产类,
871Y,蔬菜项目,花椒,4,万元,生鲜果蔬类,
571Y,杨梅项目,杨梅,14,万元,生鲜果蔬类,
769Y,粽子项目,粽子,12,万元,假日类,
769Y,肉类熟食项目,肉丸,7,万元,生鲜肉类,
771Y,龙眼项目,龙眼,9,万元,生鲜果蔬类,
451Y,花卉苗木项目,种子,12,万元,花卉苗木类,
536Y,蟹项目,海蟹,12,万元,海鲜水产类,
536Y,葡萄项目,葡萄,22,万元,生鲜果蔬类,
471Y,花卉苗木项目,干花,3,万元,花卉苗木类,
755Y,粽子项目,粽子,8,万元,假日类,
510Y,蔬菜项目,食用菌,6,万元,生鲜果蔬类,
991Y,蔬菜项目,红薯,10,万元,生鲜果蔬类,
760Y,其他常温水果项目,黄皮,6,万元,生鲜果蔬类,
023Y,蔬菜项目,百合,9,万元,生鲜果蔬类,
551Y,龙虾项目,小龙虾,18,万元,海鲜水产类,
769Y,海鲜水产项目,贝类,8,万元,海鲜水产类,
020Y,海鲜水产项目,海蜇,2,万元,海鲜水产类,
898Y,花卉苗木项目,树苗,13,万元,花卉苗木类,
371Y,梨项目,梨,21,万元,生鲜果蔬类,
731Y,花卉苗木项目,干花,12,万元,花卉苗木类,
431Y,干货项目,中药材,3,万元,南北干货类,
531Y,肉类熟食项目,蚕蛹,1,万元,生鲜肉类,
316Y,樱桃项目,樱桃,4,万元,生鲜果蔬类,
513Y,茶叶项目,花茶,10,万元,茶叶类,
592Y,粮油副食项目,蛋奶制品,13,万元,生鲜肉类,
022Y,蔬菜项目,莲藕,7,万元,生鲜果蔬类,
991Y,粮油副食项目,粮油米面调料,17,万元,生鲜肉类,
760Y,其他常温水果项目,菠萝,6,万元,生鲜果蔬类,
771Y,活体项目,禽类,21,万元,活体类,
757Y,榴莲项目,榴莲,15,万元,生鲜果蔬类,
898Y,瓜项目,木瓜,12,万元,生鲜果蔬类,
371Y,其他常温水果项目,柿子,14,万元,生鲜果蔬类,
316Y,枣项目,干枣,9,万元,南北干货类,
311Y,梨项目,梨,15,万元,生鲜果蔬类,
579Y,蔬菜项目,笋,4,万元,生鲜果蔬类,
579Y,海鲜水产项目,水鱼,7,万元,海鲜水产类,
579Y,其他常温水果项目,樱桃,16,万元,生鲜果蔬类,
592Y,干货项目,银耳,12,万元,南北干货类,
351Y,中秋项目,月饼,5,万元,假日类,
351Y,蔬菜项目,土豆,10,万元,生鲜果蔬类,
021Y,花卉苗木项目,花木盆景,5,万元,花卉苗木类,
021Y,草莓项目,草莓,12,万元,生鲜果蔬类,
028Y,桔橙项目,桔橙,13,万元,生鲜果蔬类,
510Y,干货项目,榛子,12,万元,南北干货类,
991Y,粽子项目,粽子,21,万元,假日类,
571Y,李子项目,李子,16,万元,生鲜果蔬类,
020Y,海鲜水产项目,海参,2,万元,海鲜水产类,
851Y,花卉苗木项目,鲜花,24,万元,花卉苗木类,
898Y,花卉苗木项目,种子,13,万元,花卉苗木类,
451Y,肉类熟食项目,鸡肉,2,万元,生鲜肉类,
451Y,其他常温水果项目,圣女果,5,万元,生鲜果蔬类,
027Y,蔬菜项目,凉瓜,2,万元,生鲜果蔬类,
027Y,干货项目,南北干货,10,万元,南北干货类,
731Y,花卉苗木项目,树苗,12,万元,花卉苗木类,
532Y,花卉苗木项目,种子,9,万元,花卉苗木类,
025Y,蔬菜项目,笋,5,万元,生鲜果蔬类,
510Y,蔬菜项目,萝卜,6,万元,生鲜果蔬类,
551Y,茶叶项目,茶叶,1,万元,茶叶类,
769Y,其他常温水果项目,红毛丹,4,万元,生鲜果蔬类,
757Y,滋补品项目,百合,5,万元,南北干货类,
851Y,蔬菜项目,羊肚菌,3,万元,生鲜果蔬类,
898Y,海鲜水产项目,鱼类,5,万元,海鲜水产类,
371Y,滋补品项目,艾草,2,万元,南北干货类,
592Y,其他常温水果项目,菇娘,5,万元,生鲜果蔬类,
752Y,荔枝项目,荔枝,5,万元,生鲜果蔬类,
451Y,蔬菜项目,山药,4,万元,生鲜果蔬类,
451Y,海鲜水产项目,小龙虾,7,万元,海鲜水产类,
027Y,蟹项目,青蟹,11,万元,海鲜水产类,
027Y,干货项目,榛子,10,万元,南北干货类,
531Y,粮油副食项目,蛋奶制品,9,万元,生鲜肉类,
579Y,蔬菜项目,食用菌,4,万元,生鲜果蔬类,
579Y,肉类熟食项目,肉丸,2,万元,生鲜肉类,
536Y,花卉苗木项目,种子,4,万元,花卉苗木类,
592Y,肉类熟食项目,鸡肉,6,万元,生鲜肉类,
517Y,海鲜水产项目,鲅鱼,1,万元,海鲜水产类,
757Y,活体项目,观赏类,33,万元,活体类,
769Y,其他常温水果项目,百香果,4,万元,生鲜果蔬类,
771Y,海鲜水产项目,虾类,5,万元,海鲜水产类,
371Y,花卉苗木项目,干花,8,万元,花卉苗木类,
027Y,粮油副食项目,黄豆,8,万元,粮油米面调料类,
024Y,大米项目,大米,7,万元,粮油米面调料类,
532Y,瓜项目,网纹瓜,20,万元,生鲜果蔬类,
513Y,蔬菜项目,鸡头米,4,万元,生鲜果蔬类,
592Y,其他常温水果项目,黑老虎,5,万元,生鲜果蔬类,
022Y,花卉苗木项目,鲜花,8,万元,花卉苗木类,
752Y,其他常温水果项目,杨桃,8,万元,生鲜果蔬类,
551Y,海鲜水产项目,水鱼,7,万元,海鲜水产类,
757Y,其他常温水果项目,黄皮,8,万元,生鲜果蔬类,
771Y,肉类熟食项目,蚕蛹,6,万元,生鲜肉类,
851Y,蔬菜项目,桑葚,3,万元,生鲜果蔬类,
451Y,海鲜水产项目,牡蛎,7,万元,海鲜水产类,
579Y,蔬菜项目,桑葚,4,万元,生鲜果蔬类,
024Y,粮油副食项目,花椒,14,万元,粮油米面调料类,
536Y,花卉苗木项目,鲜花,4,万元,花卉苗木类,
755Y,肉类熟食项目,肉丸,10,万元,生鲜肉类,
517Y,桃项目,水蜜桃,9,万元,生鲜果蔬类,
022Y,瓜项目,网纹瓜,21,万元,生鲜果蔬类,
752Y,其他常温水果项目,菇娘,8,万元,生鲜果蔬类,
871Y,其他常温水果项目,火龙果,7,万元,生鲜果蔬类,
023Y,其他常温水果项目,荔枝,6,万元,生鲜果蔬类,
757Y,花卉苗木项目,树苗,6,万元,花卉苗木类,
371Y,苹果项目,苹果,10,万元,生鲜果蔬类,
451Y,中秋项目,月饼,8,万元,假日类,
027Y,蔬菜项目,椿芽,2,万元,生鲜果蔬类,
731Y,海鲜水产项目,鲅鱼,7,万元,海鲜水产类,
316Y,花卉苗木项目,花木盆景,6,万元,花卉苗木类,
536Y,海鲜水产项目,贝类,1,万元,海鲜水产类,
025Y,茶叶项目,茶叶,4,万元,茶叶类,
025Y,蓝莓项目,蓝莓,17,万元,生鲜果蔬类,
471Y,海鲜水产项目,鱼类,11,万元,海鲜水产类,
517Y,海鲜水产项目,其他海鲜水产,1,万元,海鲜水产类,
510Y,杨梅项目,杨梅,15,万元,生鲜果蔬类,
752Y,柚子项目,柚子,12,万元,生鲜果蔬类,
510Y,活体项目,虫类,22,万元,活体类,
551Y,梨项目,梨,17,万元,生鲜果蔬类,
010Y,干货项目,坚果,12,万元,南北干货类,
010Y,干货项目,南北干货,12,万元,南北干货类,
757Y,蔬菜项目,辣椒,14,万元,生鲜果蔬类,
757Y,粮油副食项目,蛋奶制品,7,万元,生鲜肉类,
757Y,荔枝项目,荔枝,9,万元,生鲜果蔬类,
591Y,蟹项目,海蟹,16,万元,海鲜水产类,
771Y,海鲜水产项目,鲅鱼,5,万元,海鲜水产类,
771Y,花卉苗木项目,花木盆景,8,万元,花卉苗木类,
771Y,干货项目,南北干货,17,万元,休闲零食类,
316Y,花卉苗木项目,干花,6,万元,花卉苗木类,
532Y,草莓项目,草莓,17,万元,生鲜果蔬类,
513Y,瓜项目,甜瓜,13,万元,生鲜果蔬类,
574Y,杨梅项目,杨梅,2,万元,生鲜果蔬类,
592Y,其他常温水果项目,无花果,5,万元,生鲜果蔬类,
351Y,花卉苗木项目,鲜花,13,万元,花卉苗木类,
510Y,梨项目,梨,18,万元,生鲜果蔬类,
769Y,枸杞项目,枸杞,17,万元,生鲜果蔬类,
769Y,其他常温水果项目,人参果,4,万元,生鲜果蔬类,
020Y,肉类熟食项目,其他肉类熟食,8,万元,生鲜肉类,
371Y,海鲜水产项目,水鱼,9,万元,海鲜水产类,
027Y,梨项目,梨,21,万元,生鲜果蔬类,
311Y,蔬菜项目,羊肚菌,6,万元,生鲜果蔬类,
024Y,海鲜水产项目,虾类,1,万元,海鲜水产类,
574Y,枇杷项目,枇杷,13,万元,生鲜果蔬类,
752Y,蔬菜项目,笋,9,万元,生鲜果蔬类,
571Y,海鲜水产项目,其他海鲜水产,8,万元,海鲜水产类,
023Y,其他常温水果项目,鲜枣,6,万元,生鲜果蔬类,
471Y,活体项目,虫类,14,万元,活体类,
010Y,樱桃项目,樱桃,16,万元,生鲜果蔬类,
769Y,其他常温水果项目,圣女果,4,万元,生鲜果蔬类,
020Y,蟹项目,海蟹,18,万元,海鲜水产类,
851Y,樱桃项目,樱桃,14,万元,生鲜果蔬类,
371Y,花卉苗木项目,花木盆景,8,万元,花卉苗木类,
371Y,花卉苗木项目,树苗,8,万元,花卉苗木类,
027Y,滋补品项目,百合,6,万元,南北干货类,
027Y,其他常温水果项目,杨桃,7,万元,生鲜果蔬类,
027Y,其他常温水果项目,山楂,7,万元,生鲜果蔬类,
731Y,茶叶项目,茶叶,2,万元,茶叶类,
025Y,海鲜水产项目,贝类,10,万元,海鲜水产类,
513Y,海鲜水产项目,海蜇,2,万元,海鲜水产类,
574Y,中秋项目,月饼,6,万元,假日类,
592Y,蔬菜项目,莲藕,8,万元,生鲜果蔬类,
592Y,海鲜水产项目,虾类,1,万元,海鲜水产类,
351Y,葡萄项目,葡萄,19,万元,生鲜果蔬类,
755Y,干货项目,参产品类,3,万元,南北干货类,
512Y,其他常温水果项目,板栗,18,万元,生鲜果蔬类,
991Y,枸杞项目,鲜枸杞,26,万元,生鲜果蔬类,
871Y,花卉苗木项目,鲜花,1,万元,花卉苗木类,
871Y,花卉苗木项目,种子,1,万元,花卉苗木类,
010Y,花卉苗木项目,花木盆景,14,万元,花卉苗木类,
769Y,干货项目,坚果,5,万元,南北干货类,
769Y,干货项目,南北干货,5,万元,南北干货类,
757Y,蔬菜项目,萝卜,14,万元,生鲜果蔬类,
591Y,蔬菜项目,辣椒,7,万元,生鲜果蔬类,
020Y,花卉苗木项目,干花,5,万元,花卉苗木类,
851Y,蔬菜项目,鸡头米,3,万元,生鲜果蔬类,
898Y,蟹项目,蟹类,18,万元,海鲜水产类,
371Y,蟹项目,蟹类,19,万元,海鲜水产类,
027Y,肉类熟食项目,红肠,1,万元,生鲜肉类,
731Y,蔬菜项目,凉瓜,3,万元,生鲜果蔬类,
731Y,蔬菜项目,桑葚,3,万元,生鲜果蔬类,
531Y,瓜项目,西瓜,15,万元,生鲜果蔬类,
316Y,蟹项目,蟹类,7,万元,海鲜水产类,
791Y,蔬菜项目,土豆,6,万元,生鲜果蔬类,
579Y,蔬菜项目,凉瓜,4,万元,生鲜果蔬类,
024Y,海鲜水产项目,海蜇,1,万元,海鲜水产类,
592Y,其他常温水果项目,百香果,5,万元,生鲜果蔬类,
592Y,其他常温水果项目,新会柑,5,万元,生鲜果蔬类,
029Y,石榴项目,石榴,18,万元,生鲜果蔬类,
022Y,海鲜水产项目,查干湖鱼,1,万元,海鲜水产类,
577Y,肉类熟食项目,其他肉类熟食,5,万元,生鲜肉类,
551Y,枇杷项目,枇杷,21,万元,生鲜果蔬类,
020Y,蟹项目,蟹类,18,万元,海鲜水产类,
731Y,其他常温水果项目,百香果,23,万元,生鲜果蔬类,
531Y,蔬菜项目,辣椒,2,万元,生鲜果蔬类,
579Y,粽子项目,粽子,10,万元,假日类,
579Y,其他常温水果项目,桔橙,16,万元,生鲜果蔬类,
025Y,肉类熟食项目,红肠,2,万元,生鲜肉类,
513Y,蔬菜项目,山菜,4,万元,生鲜果蔬类,
471Y,粽子项目,粽子,10,万元,假日类,
592Y,其他常温水果项目,葡萄,5,万元,生鲜果蔬类,
592Y,其他常温水果项目,椰子,5,万元,生鲜果蔬类,
028Y,牛羊肉项目,牛羊肉,3,万元,生鲜肉类,
028Y,龙眼项目,龙眼,26,万元,生鲜果蔬类,
517Y,蔬菜项目,食用菌,6,万元,生鲜果蔬类,
022Y,大米项目,大米,12,万元,粮油米面调料类,
577Y,海鲜水产项目,鱼类,2,万元,海鲜水产类,
871Y,杨梅项目,杨梅,19,万元,生鲜果蔬类,
571Y,蔬菜项目,其他水果,2,万元,生鲜果蔬类,
571Y,干货项目,南北干货,3,万元,南北干货类,
023Y,蔬菜项目,桑葚,9,万元,生鲜果蔬类,
023Y,其他常温水果项目,柠檬,6,万元,生鲜果蔬类,
010Y,蔬菜项目,红薯,13,万元,生鲜果蔬类,
931Y,滋补品项目,蜂蜜,2,万元,其他,
371Y,蔬菜项目,莲藕,4,万元,生鲜果蔬类,
027Y,瓜项目,哈密瓜,22,万元,生鲜果蔬类,
731Y,花卉苗木项目,花木盆景,12,万元,花卉苗木类,
871Y,蔬菜项目,辣椒,4,万元,生鲜果蔬类,
571Y,花卉苗木项目,百合,4,万元,花卉苗木类,
023Y,杨梅项目,杨梅,28,万元,生鲜果蔬类,
579Y,活体项目,虫类,18,万元,活体类,
757Y,花卉苗木项目,花木盆景,6,万元,花卉苗木类,
591Y,牛羊肉项目,牛羊肉,6,万元,生鲜肉类,
371Y,蓝莓项目,蓝莓,25,万元,生鲜果蔬类,
371Y,海鲜水产项目,虾类,9,万元,海鲜水产类,
531Y,中秋项目,月饼,6,万元,假日类,
531Y,蔬菜项目,笋,2,万元,生鲜果蔬类,
311Y,枣项目,鲜枣,21,万元,生鲜果蔬类,
025Y,花卉苗木项目,百合,7,万元,花卉苗木类,
029Y,瓜项目,木瓜,16,万元,生鲜果蔬类,
752Y,粽子项目,粽子,13,万元,假日类,
760Y,中秋项目,月饼,4,万元,假日类,
551Y,海鲜水产项目,鱼类,7,万元,海鲜水产类,
010Y,粮油副食项目,蛋奶制品,11,万元,生鲜肉类,
771Y,粮油副食项目,艾草,7,万元,粮油米面调料类,
371Y,干货项目,坚果,6,万元,南北干货类,
731Y,蔬菜项目,折耳根,3,万元,生鲜果蔬类,
024Y,海鲜水产项目,鱼类,1,万元,海鲜水产类,
532Y,花卉苗木项目,鲜花,9,万元,花卉苗木类,
536Y,活体项目,观赏类,1,万元,活体类,
471Y,中秋项目,月饼,5,万元,假日类,
595Y,茶叶项目,花茶,1,万元,茶叶类,
029Y,牛羊肉项目,牛羊肉,1,万元,生鲜肉类,
752Y,蔬菜项目,凉瓜,9,万元,生鲜果蔬类,
551Y,肉类熟食项目,蚕蛹,3,万元,生鲜肉类,
771Y,柚子项目,柚子,15,万元,生鲜果蔬类,
451Y,参茸项目,参产品类,10,万元,南北干货类,
536Y,花卉苗木项目,百合,4,万元,花卉苗木类,
592Y,其他常温水果项目,哈密瓜,5,万元,生鲜果蔬类,
592Y,粮油副食项目,大米,13,万元,粮油米面调料类,
351Y,枣项目,鲜枣,6,万元,生鲜果蔬类,
029Y,干货项目,南北干货,5,万元,南北干货类,
755Y,蔬菜项目,其他蔬菜,9,万元,生鲜果蔬类,
752Y,其他常温水果项目,草莓,8,万元,生鲜果蔬类,
010Y,参茸项目,参产品类,25,万元,南北干货类,
769Y,荔枝项目,荔枝,1,万元,生鲜果蔬类,
757Y,柚子项目,柚子,25,万元,生鲜果蔬类,
757Y,桔橙项目,桔橙,10,万元,生鲜果蔬类,
931Y,瓜项目,网纹瓜,16,万元,生鲜果蔬类,
371Y,蔬菜项目,土豆,4,万元,生鲜果蔬类,
027Y,蔬菜项目,笋,2,万元,生鲜果蔬类,
027Y,其他常温水果项目,苹果,7,万元,生鲜果蔬类,
431Y,苹果项目,苹果,20,万元,生鲜果蔬类,
579Y,蔬菜项目,莲藕,4,万元,生鲜果蔬类,
579Y,枇杷项目,枇杷,13,万元,生鲜果蔬类,
025Y,蔬菜项目,辣椒,5,万元,生鲜果蔬类,
513Y,蔬菜项目,山药,4,万元,生鲜果蔬类,
471Y,苹果项目,苹果,9,万元,生鲜果蔬类,
574Y,蟹项目,青蟹,3,万元,海鲜水产类,
592Y,其他常温水果项目,猕猴桃,5,万元,生鲜果蔬类,
592Y,海鲜水产项目,鲅鱼,1,万元,海鲜水产类,
592Y,干货项目,核桃,12,万元,南北干货类,
592Y,干货项目,中药材,12,万元,南北干货类,
755Y,蟹项目,青蟹,13,万元,海鲜水产类,
752Y,肉类熟食项目,红肠,2,万元,生鲜肉类,
871Y,桃项目,鹰嘴桃,18,万元,生鲜果蔬类,
851Y,活体项目,观赏类,26,万元,活体类,
851Y,蔬菜项目,莲藕,3,万元,生鲜果蔬类,
851Y,其他常温水果项目,圣女果,7,万元,生鲜果蔬类,
898Y,火龙果项目,火龙果,10,万元,生鲜果蔬类,
731Y,海鲜水产项目,海蜇,7,万元,海鲜水产类,
791Y,肉类熟食项目,鸡肉,3,万元,生鲜肉类,
024Y,草莓项目,草莓,3,万元,生鲜果蔬类,
532Y,杏项目,杏子,21,万元,生鲜果蔬类,
532Y,干货项目,坚果,4,万元,南北干货类,
536Y,蟹项目,青蟹,12,万元,海鲜水产类,
752Y,其他常温水果项目,板栗,8,万元,生鲜果蔬类,
513Y,活体项目,观赏类,18,万元,活体项目,
851Y,花卉苗木项目,干花,24,万元,花卉苗木类,
451Y,干货项目,银耳,6,万元,南北干货类,
731Y,蔬菜项目,椿芽,3,万元,生鲜果蔬类,
579Y,其他常温水果项目,火龙果,16,万元,生鲜果蔬类,
024Y,其他常温水果项目,苹果,12,万元,生鲜果蔬类,
025Y,梨项目,梨,16,万元,生鲜果蔬类,
574Y,茶叶项目,茶叶,9,万元,茶叶类,
755Y,海鲜水产项目,海参,6,万元,海鲜水产类,
577Y,牛羊肉项目,牛羊肉,13,万元,生鲜肉类,
510Y,肉类熟食项目,鸡肉,9,万元,生鲜肉类,
752Y,李子项目,柰子,16,万元,生鲜果蔬类,
023Y,桃项目,鹰嘴桃,17,万元,生鲜果蔬类,
022Y,活体项目,观赏类,22,万元,活体类,
551Y,肉类熟食项目,肉丸,3,万元,生鲜肉类,
931Y,蔬菜项目,土豆,7,万元,生鲜果蔬类,
536Y,猕猴桃项目,猕猴桃,16,万元,生鲜果蔬类,
513Y,蟹项目,蟹类,1,万元,海鲜水产类,
029Y,中秋项目,月饼,10,万元,假日类,
029Y,蔬菜项目,其他蔬菜,11,万元,生鲜果蔬类,
021Y,龙虾项目,虾类,10,万元,海鲜水产类,
755Y,蔬菜项目,辣椒,9,万元,生鲜果蔬类,
760Y,荔枝项目,荔枝,1,万元,生鲜果蔬类,
871Y,枇杷项目,枇杷,20,万元,生鲜果蔬类,
871Y,花卉苗木项目,干花,1,万元,花卉苗木类,
023Y,粮油副食项目,蛋奶制品,10,万元,生鲜肉类,
010Y,蔬菜项目,山菜,13,万元,生鲜果蔬类,
731Y,其他常温水果项目,红毛丹,23,万元,生鲜果蔬类,
024Y,蟹项目,海蟹,4,万元,海鲜水产类,
024Y,其他常温水果项目,西瓜,12,万元,生鲜果蔬类,
532Y,蔬菜项目,笋,5,万元,生鲜果蔬类,
532Y,肉类熟食项目,鸡肉,7,万元,生鲜肉类,
536Y,花卉苗木项目,干花,4,万元,花卉苗木类,
592Y,其他常温水果项目,板栗,5,万元,生鲜果蔬类,
512Y,桃项目,水蜜桃,9,万元,生鲜果蔬类,
752Y,粮油副食项目,花椒,14,万元,粮油米面调料类,
760Y,海鲜水产项目,虾类,2,万元,海鲜水产类,
551Y,花卉苗木项目,鲜花,9,万元,花卉苗木类,
010Y,肉类熟食项目,知了猴,9,万元,生鲜肉类,
757Y,海鲜水产项目,其他海鲜水产,2,万元,海鲜水产类,
757Y,干货项目,南北干货,11,万元,南北干货类,
851Y,大米项目,大米,13,万元,粮油米面调料类,
027Y,蔬菜项目,食用菌,2,万元,生鲜果蔬类,
027Y,其他常温水果项目,菠萝,7,万元,生鲜果蔬类,
027Y,茶叶项目,花茶,4,万元,茶叶类,
731Y,其他常温水果项目,椰子,23,万元,生鲜果蔬类,
531Y,蟹项目,蟹类,17,万元,海鲜水产类,
351Y,花卉苗木项目,花木盆景,13,万元,花卉苗木类,
029Y,粽子项目,粽子,19,万元,假日类,
752Y,桔橙项目,新会柑,18,万元,生鲜果蔬类,
871Y,其他生鲜水果项目,无花果,17,万元,生鲜果蔬类,
760Y,活体项目,观赏类,24,万元,活体类,
757Y,李子项目,李子,20,万元,生鲜果蔬类,
931Y,其他常温水果项目,圣女果,18,万元,生鲜果蔬类,
931Y,葡萄项目,葡萄,23,万元,生鲜果蔬类,
931Y,干货项目,南北干货,9,万元,南北干货类,
020Y,花卉苗木项目,花木盆景,5,万元,花卉苗木类,
027Y,其他常温水果项目,莲雾,7,万元,生鲜果蔬类,
531Y,海鲜水产项目,查干湖鱼,5,万元,海鲜水产类,
579Y,海鲜水产项目,贝类,7,万元,海鲜水产类,
532Y,牛羊肉项目,牛羊肉,10,万元,生鲜肉类,
536Y,中秋项目,月饼,7,万元,假日类,
592Y,火龙果项目,火龙果,22,万元,生鲜果蔬类,
028Y,粽子项目,粽子,17,万元,假日类,
022Y,其他常温水果项目,山楂,14,万元,生鲜果蔬类,
020Y,梨项目,梨,16,万元,生鲜果蔬类,
851Y,粽子项目,粽子,12,万元,假日类,
851Y,其他常温水果项目,香蕉,7,万元,生鲜果蔬类,
898Y,蔬菜项目,辣椒,4,万元,生鲜果蔬类,
371Y,蔬菜项目,山菜,4,万元,生鲜果蔬类,
531Y,蔬菜项目,山药,2,万元,生鲜果蔬类,
024Y,蔬菜项目,山菜,6,万元,生鲜果蔬类,
592Y,其他常温水果项目,水蜜桃,5,万元,生鲜果蔬类,
029Y,花卉苗木项目,鲜花,17,万元,花卉苗木类,
021Y,海鲜水产项目,贝类,2,万元,海鲜水产类,
028Y,樱桃项目,樱桃,4,万元,生鲜果蔬类,
512Y,蔬菜项目,红薯,7,万元,生鲜果蔬类,
577Y,其他常温水果项目,猕猴桃,10,万元,生鲜果蔬类,
577Y,桔橙项目,桔橙,3,万元,生鲜果蔬类,
551Y,葡萄项目,葡萄,15,万元,生鲜果蔬类,
931Y,其他常温水果项目,人参果,18,万元,生鲜果蔬类,
851Y,猕猴桃项目,猕猴桃,8,万元,生鲜果蔬类,
851Y,海鲜水产项目,贝类,25,万元,海鲜水产类,
898Y,海鲜水产项目,虾类,5,万元,海鲜水产类,
371Y,猕猴桃项目,猕猴桃,22,万元,生鲜果蔬类,
791Y,中秋项目,月饼,5,万元,假日类,
025Y,蔬菜项目,椿芽,5,万元,生鲜果蔬类,
025Y,干货项目,咖啡,15,万元,其他,
513Y,瓜项目,西瓜,13,万元,生鲜果蔬类,
513Y,大米项目,大米,12,万元,粮油米面调料类,
513Y,干货项目,核桃,6,万元,南北干货类,
592Y,其他常温水果项目,草莓,5,万元,生鲜果蔬类,
592Y,茶叶项目,茶叶,3,万元,茶叶类,
029Y,蔬菜项目,香菇,11,万元,生鲜果蔬类,
028Y,桃项目,水蜜桃,15,万元,生鲜果蔬类,
022Y,海鲜水产项目,水鱼,1,万元,海鲜水产类,
991Y,葡萄项目,葡萄,14,万元,生鲜果蔬类,
752Y,其他常温水果项目,火龙果,8,万元,生鲜果蔬类,
571Y,蔬菜项目,笋,2,万元,生鲜果蔬类,
571Y,枇杷项目,枇杷,11,万元,生鲜果蔬类,
023Y,茶叶项目,茶叶,7,万元,茶叶类,
757Y,草莓项目,草莓,26,万元,生鲜果蔬类,
451Y,海鲜水产项目,水鱼,7,万元,海鲜水产类,
579Y,肉类熟食项目,红肠,2,万元,生鲜肉类,
024Y,参茸项目,松茸,18,万元,生鲜果蔬类,
028Y,蔬菜项目,椿芽,11,万元,生鲜果蔬类,
991Y,蔬菜项目,其他蔬菜,10,万元,生鲜果蔬类,
023Y,肉类熟食项目,红肠,1,万元,生鲜肉类,
028Y,活体项目,禽类,32,万元,活体类,
371Y,其他常温水果项目,百香果,14,万元,生鲜果蔬类,
371Y,海鲜水产项目,鱼类,9,万元,海鲜水产类,
371Y,干货项目,板栗,6,万元,南北干货类,
027Y,海鲜水产项目,海蜇,13,万元,海鲜水产类,
431Y,干货项目,核桃,3,万元,南北干货类,
024Y,猕猴桃项目,猕猴桃,20,万元,生鲜果蔬类,
513Y,肉类熟食项目,鸡肉,3,万元,生鲜肉类,
513Y,粮油副食项目,蛋奶制品,5,万元,生鲜肉类,
595Y,肉类熟食项目,其他肉类熟食,3,万元,生鲜肉类,
595Y,草莓项目,草莓,16,万元,生鲜果蔬类,
029Y,干货项目,坚果,5,万元,南北干货类,
512Y,蔬菜项目,土豆,7,万元,生鲜果蔬类,
022Y,其他常温水果项目,柿子,14,万元,生鲜果蔬类,
022Y,茶叶项目,茶叶,3,万元,茶叶类,
991Y,其他生鲜项目,西梅,11,万元,生鲜果蔬类,
991Y,枸杞项目,枸杞,26,万元,生鲜果蔬类,
752Y,大米项目,大米,22,万元,粮油米面调料类,
571Y,花卉苗木项目,种子,4,万元,花卉苗木类,
024Y,活体项目,虫类,22,万元,活体类,
551Y,中秋项目,月饼,8,万元,假日类,
898Y,茶叶项目,花茶,8,万元,茶叶类,
451Y,蔬菜项目,萝卜,4,万元,生鲜果蔬类,
451Y,花卉苗木项目,百合,12,万元,花卉苗木类,
024Y,海鲜水产项目,水鱼,1,万元,海鲜水产类,
532Y,肉类熟食项目,蛋奶制品,7,万元,生鲜肉类,
536Y,肉类熟食项目,其他肉类熟食,5,万元,生鲜肉类,
536Y,茶叶项目,茶叶,6,万元,茶叶类,
513Y,海鲜水产项目,海参,2,万元,海鲜水产类,
592Y,其他常温水果项目,木瓜,5,万元,生鲜果蔬类,
517Y,蓝莓项目,蓝莓,11,万元,生鲜果蔬类,
510Y,干货项目,核桃,12,万元,南北干货类,
991Y,蔬菜项目,羊肚菌,10,万元,生鲜果蔬类,
991Y,肉类熟食项目,其他肉类熟食,6,万元,生鲜肉类,
752Y,活体项目,禽类,23,万元,活体类,
351Y,活体项目,虫类,22,万元,活体类,
512Y,活体项目,虫类,20,万元,活体类,
010Y,石榴项目,石榴,28,万元,生鲜果蔬类,
769Y,海鲜水产项目,水鱼,8,万元,海鲜水产类,
771Y,花卉苗木项目,树苗,8,万元,花卉苗木类,
851Y,肉类熟食项目,肉丸,2,万元,生鲜肉类,
371Y,粮油副食项目,黄豆,11,万元,粮油米面调料类,
027Y,茶叶项目,茶叶,4,万元,茶叶类,
791Y,牛羊肉项目,牛羊肉,13,万元,生鲜肉类,
025Y,粮油副食项目,粮油米面调料,11,万元,粮油米面调料类,
351Y,蔬菜项目,萝卜,10,万元,生鲜果蔬类,
029Y,桃项目,杏子,13,万元,生鲜果蔬类,
029Y,蔬菜项目,山药,11,万元,生鲜果蔬类,
771Y,粮油副食项目,大米,7,万元,粮油米面调料类,
020Y,桃项目,水蜜桃,14,万元,生鲜果蔬类,
851Y,其他常温水果项目,百香果,7,万元,生鲜果蔬类,
451Y,海鲜水产项目,鱼类,7,万元,海鲜水产类,
027Y,海鲜水产项目,海参,13,万元,海鲜水产类,
731Y,蟹项目,蟹类,14,万元,海鲜水产类,
731Y,蔬菜项目,辣椒,3,万元,生鲜果蔬类,
536Y,海鲜水产项目,水鱼,1,万元,海鲜水产类,
351Y,蔬菜项目,羊肚菌,10,万元,生鲜果蔬类,
029Y,枸杞项目,枸杞,8,万元,生鲜果蔬类,
028Y,李子项目,李子,9,万元,生鲜果蔬类,
871Y,蔬菜项目,土豆,4,万元,生鲜果蔬类,
871Y,荔枝项目,荔枝,21,万元,生鲜果蔬类,
571Y,梨项目,梨,18,万元,生鲜果蔬类,
023Y,海鲜水产项目,其他海鲜水产,13,万元,海鲜水产类,
771Y,海鲜水产项目,水鱼,5,万元,海鲜水产类,
898Y,花卉苗木项目,花木盆景,13,万元,花卉苗木类,
371Y,滋补品项目,鹿产品类,2,万元,南北干货类,
027Y,其他常温水果项目,香蕉,7,万元,生鲜果蔬类,
731Y,滋补品项目,银耳,22,万元,南北干货类,
531Y,肉类熟食项目,红肠,1,万元,生鲜肉类,
531Y,草莓项目,草莓,23,万元,生鲜果蔬类,
316Y,花卉苗木项目,树苗,6,万元,花卉苗木类,
024Y,蔬菜项目,土豆,21,万元,生鲜果蔬类,
592Y,荔枝项目,荔枝,14,万元,生鲜果蔬类,
755Y,其他常温水果项目,甜瓜,12,万元,生鲜果蔬类,
022Y,樱桃项目,樱桃,18,万元,生鲜果蔬类,
022Y,蓝莓项目,蓝莓,20,万元,生鲜果蔬类,
577Y,海鲜水产项目,牡蛎,2,万元,海鲜水产类,
991Y,杏项目,杏子,5,万元,生鲜果蔬类,
023Y,蔬菜项目,水果玉米,9,万元,生鲜果蔬类,
023Y,干货项目,银耳,16,万元,南北干货类,
757Y,活体项目,禽类,33,万元,活体类,
898Y,活体项目,禽类,19,万元,活体类,
551Y,石榴项目,石榴,16,万元,生鲜果蔬类,
010Y,芒果项目,芒果,31,万元,生鲜果蔬类,
769Y,其他常温水果项目,释迦,4,万元,生鲜果蔬类,
731Y,海鲜水产项目,海参,7,万元,海鲜水产类,
532Y,花卉苗木项目,百合,9,万元,花卉苗木类,
025Y,海鲜水产项目,虾类,10,万元,海鲜水产类,
592Y,肉类熟食项目,其他肉类熟食,6,万元,生鲜肉类,
752Y,滋补品项目,中药材,7,万元,南北干货类,
757Y,肉类熟食项目,其他肉类熟食,3,万元,生鲜肉类,
931Y,干货项目,坚果,9,万元,休闲零食类,
020Y,花卉苗木项目,鲜花,5,万元,花卉苗木类,
371Y,粮油副食项目,粮油米面调料,11,万元,粮油米面调料类,
451Y,蔬菜项目,其他蔬菜,4,万元,生鲜果蔬类,
451Y,花卉苗木项目,鲜花,12,万元,花卉苗木类,
431Y,肉类熟食项目,蛋奶制品,4,万元,生鲜肉类,
431Y,参茸项目,松茸,1,万元,生鲜果蔬类,
025Y,海鲜水产项目,水鱼,10,万元,海鲜水产类,
513Y,蔬菜项目,食用菌,4,万元,生鲜果蔬类,
510Y,其他常温水果项目,猕猴桃,5,万元,生鲜果蔬类,
510Y,肉类熟食项目,其他肉类熟食,9,万元,生鲜肉类,
752Y,茶叶项目,茶叶,4,万元,茶叶类,
760Y,其他常温水果项目,杨桃,6,万元,生鲜果蔬类,
023Y,滋补品项目,蜂蜜,4,万元,南北干货类,
591Y,茶叶项目,茶叶,1,万元,茶叶类,
771Y,花卉苗木项目,种子,8,万元,花卉苗木类,
851Y,苹果项目,苹果,16,万元,生鲜果蔬类,
451Y,蔬菜项目,香菇,4,万元,生鲜果蔬类,
731Y,其他常温水果项目,八月瓜,23,万元,生鲜果蔬类,
531Y,蟹项目,青蟹,17,万元,海鲜水产类,
316Y,苹果项目,苹果,13,万元,生鲜果蔬类,
025Y,其他常温水果项目,苹果,8,万元,生鲜果蔬类,
574Y,蔬菜项目,红薯,7,万元,生鲜果蔬类,
760Y,肉类熟食项目,鸡肉,5,万元,生鲜肉类,
023Y,蔬菜项目,土豆,9,万元,生鲜果蔬类,
771Y,茶叶项目,茶叶,4,万元,茶叶类,
020Y,蔬菜项目,其他蔬菜,6,万元,生鲜果蔬类,
020Y,蔬菜项目,土豆,6,万元,生鲜果蔬类,
851Y,茶叶项目,茶叶,1,万元,茶叶类,
371Y,花卉苗木项目,种子,8,万元,花卉苗木类,
431Y,大米项目,大米,6,万元,粮油米面调料类,
531Y,枣项目,鲜枣,13,万元,生鲜果蔬类,
532Y,干货项目,鹿产品类,4,万元,南北干货类,
021Y,龙虾项目,小龙虾,10,万元,海鲜水产类,
755Y,龙眼项目,龙眼,14,万元,生鲜果蔬类,
022Y,牛羊肉项目,牛羊肉,6,万元,生鲜肉类,
577Y,中秋项目,月饼,6,万元,假日类,
752Y,杨梅项目,杨梅,19,万元,生鲜果蔬类,
571Y,花卉苗木项目,树苗,4,万元,花卉苗木类,
531Y,活体项目,观赏类,24,万元,活体类,
027Y,活体项目,禽类,25,万元,活体类,
769Y,肉类熟食项目,其他肉类熟食,7,万元,生鲜肉类,
769Y,其他常温水果项目,板栗,4,万元,生鲜果蔬类,
371Y,中秋项目,月饼,7,万元,假日类,
431Y,茶叶项目,茶叶,7,万元,茶叶类,
579Y,花卉苗木项目,百合,5,万元,花卉苗木类,
579Y,干货项目,南北干货,17,万元,南北干货类,
025Y,龙虾项目,小龙虾,13,万元,海鲜水产类,
595Y,蔬菜项目,辣椒,11,万元,生鲜果蔬类,
595Y,粮油副食项目,蛋奶制品,12,万元,生鲜肉类,
592Y,榴莲项目,榴莲,17,万元,生鲜果蔬类,
029Y,猕猴桃项目,猕猴桃,2,万元,生鲜果蔬类,
755Y,海鲜水产项目,水鱼,6,万元,海鲜水产类,
871Y,芒果项目,芒果,15,万元,生鲜果蔬类,
023Y,蔬菜项目,椿芽,9,万元,生鲜果蔬类,
592Y,活体项目,禽类,23,万元,活体类,
351Y,活体项目,观赏类,22,万元,活体类,
931Y,枸杞项目,鲜枸杞,8,万元,生鲜果蔬类,
020Y,龙眼项目,龙眼,13,万元,生鲜果蔬类,
898Y,肉类熟食项目,鸡肉,6,万元,生鲜肉类,
371Y,大米项目,大米,15,万元,粮油米面调料类,
451Y,肉类熟食项目,肉丸,2,万元,生鲜肉类,
531Y,蔬菜项目,其他蔬菜,2,万元,生鲜果蔬类,
316Y,蔬菜项目,其他蔬菜,5,万元,生鲜果蔬类,
579Y,桃项目,鹰嘴桃,11,万元,生鲜果蔬类,
536Y,蔬菜项目,羊肚菌,3,万元,生鲜果蔬类,
592Y,蔬菜项目,鲜枸杞,8,万元,生鲜果蔬类,
029Y,蔬菜项目,辣椒,11,万元,生鲜果蔬类,
760Y,花卉苗木项目,花木盆景,12,万元,花卉苗木类,
871Y,桃项目,水蜜桃,18,万元,生鲜果蔬类,
010Y,柚子项目,柚子,26,万元,生鲜果蔬类,
757Y,瓜项目,木瓜,24,万元,生鲜果蔬类,
591Y,海鲜水产项目,贝类,2,万元,海鲜水产类,
591Y,海鲜水产项目,水鱼,2,万元,海鲜水产类,
851Y,蔬菜项目,红薯,3,万元,生鲜果蔬类,
851Y,其他常温水果项目,山楂,7,万元,生鲜果蔬类,
731Y,其他常温水果项目,杨桃,23,万元,生鲜果蔬类,
531Y,蔬菜项目,山菜,2,万元,生鲜果蔬类,
532Y,蔬菜项目,土豆,5,万元,生鲜果蔬类,
471Y,蔬菜项目,萝卜,2,万元,生鲜果蔬类,
471Y,茶叶项目,花茶,6,万元,茶叶类,
592Y,其他常温水果项目,柠檬,5,万元,生鲜果蔬类,
752Y,蔬菜项目,萝卜,9,万元,生鲜果蔬类,
023Y,蔬菜项目,食用菌,9,万元,生鲜果蔬类,
010Y,蟹项目,青蟹,15,万元,海鲜水产类,
757Y,梨项目,梨,29,万元,生鲜果蔬类,
757Y,瓜项目,哈密瓜,24,万元,生鲜果蔬类,
591Y,粽子项目,粽子,10,万元,假日类,
931Y,粮油副食项目,粮油米面调料,10,万元,粮油米面调料类,
731Y,蔬菜项目,食用菌,3,万元,生鲜果蔬类,
731Y,龙虾项目,小龙虾,15,万元,海鲜水产类,
024Y,其他常温水果项目,柿子,12,万元,生鲜果蔬类,
024Y,花卉苗木项目,树苗,9,万元,花卉苗木类,
532Y,肉类熟食项目,红肠,7,万元,生鲜肉类,
513Y,蔬菜项目,土豆,4,万元,生鲜果蔬类,
028Y,蔬菜项目,桑葚,11,万元,生鲜果蔬类,
028Y,花卉苗木项目,种子,12,万元,花卉苗木类,
991Y,其他常温水果项目,百香果,18,万元,生鲜果蔬类,
991Y,花卉苗木项目,鲜花,25,万元,花卉苗木类,
851Y,活体项目,虫类,26,万元,活体类,
769Y,苹果项目,苹果,16,万元,生鲜果蔬类,
731Y,蔬菜项目,鸡头米,3,万元,生鲜果蔬类,
531Y,葡萄项目,葡萄,20,万元,生鲜果蔬类,
316Y,枣项目,鲜枣,9,万元,生鲜果蔬类,
579Y,蔬菜项目,红薯,4,万元,生鲜果蔬类,
024Y,参茸项目,参产品类,18,万元,南北干货类,
536Y,蔬菜项目,香菇,3,万元,生鲜果蔬类,
592Y,蔬菜项目,红薯,8,万元,生鲜果蔬类,
029Y,花卉苗木项目,树苗,17,万元,花卉苗木类,
755Y,海鲜水产项目,虾类,6,万元,海鲜水产类,
577Y,其他常温水果项目,柚子,10,万元,生鲜果蔬类,
752Y,海鲜水产项目,海参,1,万元,海鲜水产类,
752Y,其他常温水果项目,人参果,8,万元,生鲜果蔬类,
023Y,枇杷项目,枇杷,14,万元,生鲜果蔬类,
513Y,活体项目,虫类,18,万元,活体项目,
010Y,蓝莓项目,蓝莓,27,万元,生鲜果蔬类,
757Y,海鲜水产项目,海参,2,万元,海鲜水产类,
371Y,其他常温水果项目,山楂,14,万元,生鲜果蔬类,
592Y,枇杷项目,枇杷,16,万元,生鲜果蔬类,
022Y,蔬菜项目,红薯,7,万元,生鲜果蔬类,
022Y,蔬菜项目,凉瓜,7,万元,生鲜果蔬类,
022Y,海鲜水产项目,小龙虾,1,万元,海鲜水产类,
510Y,中秋项目,月饼,4,万元,假日类,
510Y,花卉苗木项目,干花,8,万元,花卉苗木类,
991Y,其他生鲜项目,无花果,11,万元,生鲜果蔬类,
752Y,蔬菜项目,香菇,9,万元,生鲜果蔬类,
760Y,海鲜水产项目,海参,2,万元,海鲜水产类,
871Y,肉类熟食项目,其他肉类熟食,9,万元,生鲜肉类,
571Y,肉类熟食项目,肉丸,17,万元,生鲜肉类,
023Y,牛羊肉项目,牛羊肉,11,万元,生鲜肉类,
769Y,花卉苗木项目,树苗,10,万元,花卉苗木类,
757Y,其他常温水果项目,柿子,8,万元,生鲜果蔬类,
371Y,蟹项目,青蟹,19,万元,海鲜水产类,
451Y,干货项目,干枣,6,万元,南北干货类,
311Y,粽子项目,粽子,19,万元,假日类,
579Y,花卉苗木项目,种子,5,万元,花卉苗木类,
351Y,茶叶项目,花茶,7,万元,茶叶类,
029Y,茶叶项目,花茶,4,万元,茶叶类,
755Y,龙虾项目,小龙虾,15,万元,海鲜水产类,
755Y,海鲜水产项目,牡蛎,6,万元,海鲜水产类,
512Y,蔬菜项目,鸡头米,7,万元,生鲜果蔬类,
022Y,海鲜水产项目,牡蛎,1,万元,海鲜水产类,
991Y,海鲜水产项目,虾类,19,万元,海鲜水产类,
024Y,活体项目,禽类,22,万元,活体类,
591Y,蔬菜项目,其他蔬菜,7,万元,生鲜果蔬类,
898Y,蔬菜项目,笋,4,万元,生鲜果蔬类,
431Y,中秋项目,月饼,12,万元,假日类,
513Y,蔬菜项目,椿芽,4,万元,生鲜果蔬类,
574Y,蔬菜项目,山药,7,万元,生鲜果蔬类,
592Y,蔬菜项目,辣椒,8,万元,生鲜果蔬类,
592Y,花卉苗木项目,干花,4,万元,花卉苗木类,
755Y,海鲜水产项目,查干湖鱼,6,万元,海鲜水产类,
028Y,苹果项目,苹果,21,万元,生鲜果蔬类,
022Y,其他常温水果项目,莲雾,14,万元,生鲜果蔬类,
022Y,粮油副食项目,花椒,11,万元,粮油米面调料类,
510Y,蔬菜项目,香菇,6,万元,生鲜果蔬类,
023Y,蔬菜项目,莲藕,9,万元,生鲜果蔬类,
023Y,草莓项目,草莓,20,万元,生鲜果蔬类,
591Y,肉类熟食项目,其他肉类熟食,3,万元,生鲜肉类,
771Y,李子项目,李子,16,万元,生鲜果蔬类,
851Y,枇杷项目,枇杷,18,万元,生鲜果蔬类,
898Y,其他常温水果项目,圣女果,1,万元,生鲜果蔬类,
532Y,粮油副食项目,黄豆,14,万元,粮油米面调料类,
536Y,其他常温水果项目,柿子,21,万元,生鲜果蔬类,
029Y,干货项目,鹿产品类,5,万元,南北干货类,
517Y,蔬菜项目,红薯,6,万元,生鲜果蔬类,
577Y,花卉苗木项目,树苗,8,万元,花卉苗木类,
991Y,蔬菜项目,食用菌,10,万元,生鲜果蔬类,
752Y,干货项目,咖啡,10,万元,其他,
023Y,猕猴桃项目,猕猴桃,19,万元,生鲜果蔬类,
591Y,花卉苗木项目,鲜花,9,万元,花卉苗木类,
931Y,花卉苗木项目,花木盆景,12,万元,花卉苗木类,
020Y,蔬菜项目,羊肚菌,6,万元,生鲜果蔬类,
731Y,蟹项目,青蟹,14,万元,海鲜水产类,
579Y,蔬菜项目,土豆,4,万元,生鲜果蔬类,
579Y,肉类熟食项目,牛羊肉,2,万元,生鲜肉类,
532Y,花卉苗木项目,花木盆景,9,万元,花卉苗木类,
351Y,蔬菜项目,山菜,10,万元,生鲜果蔬类,
351Y,花卉苗木项目,百合,13,万元,花卉苗木类,
755Y,蔬菜项目,食用菌,9,万元,生鲜果蔬类,
510Y,蔬菜项目,其他蔬菜,6,万元,生鲜果蔬类,
010Y,滋补品项目,中药材,8,万元,南北干货类,
451Y,其他常温水果项目,桔橙,5,万元,生鲜果蔬类,
731Y,蔬菜项目,笋,3,万元,生鲜果蔬类,
731Y,其他常温水果项目,释迦,23,万元,生鲜果蔬类,
531Y,海鲜水产项目,海蜇,5,万元,海鲜水产类,
531Y,其他常温水果项目,圣女果,12,万元,生鲜果蔬类,
791Y,蔬菜项目,其他蔬菜,6,万元,生鲜果蔬类,
791Y,蔬菜项目,羊肚菌,6,万元,生鲜果蔬类,
579Y,蔬菜项目,辣椒,4,万元,生鲜果蔬类,
532Y,花卉苗木项目,树苗,9,万元,花卉苗木类,
025Y,蔬菜项目,凉瓜,5,万元,生鲜果蔬类,
025Y,其他常温水果项目,火龙果,8,万元,生鲜果蔬类,
592Y,蔬菜项目,折耳根,8,万元,生鲜果蔬类,
029Y,蔬菜项目,红薯,11,万元,生鲜果蔬类,
577Y,海鲜水产项目,小龙虾,2,万元,海鲜水产类,
752Y,牛羊肉项目,牛羊肉,3,万元,生鲜肉类,
931Y,滋补品项目,百合,2,万元,南北干货类,
851Y,茶叶项目,花茶,1,万元,茶叶类,
898Y,蟹项目,海蟹,18,万元,海鲜水产类,
027Y,其他常温水果项目,火龙果,7,万元,生鲜果蔬类,
027Y,干货项目,坚果,10,万元,南北干货类,
731Y,李子项目,李子,18,万元,生鲜果蔬类,
431Y,海鲜水产项目,虾类,5,万元,海鲜水产类,
532Y,干货项目,南北干货,4,万元,南北干货类,
025Y,其他常温水果项目,草莓,8,万元,生鲜果蔬类,
513Y,粮油副食项目,花椒,5,万元,粮油米面调料类,
471Y,牛羊肉项目,牛羊肉,1,万元,生鲜肉类,
574Y,海鲜水产项目,牡蛎,1,万元,海鲜水产类,
351Y,桃项目,水蜜桃,12,万元,生鲜果蔬类,
512Y,枇杷项目,枇杷,2,万元,生鲜果蔬类,
577Y,粽子项目,粽子,9,万元,假日类,
760Y,其他常温水果项目,香蕉,6,万元,生鲜果蔬类,
871Y,花卉苗木项目,树苗,1,万元,花卉苗木类,
571Y,蔬菜项目,辣椒,2,万元,生鲜果蔬类,
023Y,蔬菜项目,核桃,9,万元,生鲜果蔬类,
769Y,其他常温水果项目,黑老虎,4,万元,生鲜果蔬类,
769Y,海鲜水产项目,牡蛎,8,万元,海鲜水产类,
757Y,其他常温水果项目,香蕉,8,万元,生鲜果蔬类,
771Y,蔬菜项目,辣椒,18,万元,生鲜果蔬类,
851Y,蔬菜项目,土豆,3,万元,生鲜果蔬类,
851Y,海鲜水产项目,海参,25,万元,海鲜水产类,
371Y,石榴项目,石榴,18,万元,生鲜果蔬类,
451Y,海鲜水产项目,贝类,7,万元,海鲜水产类,
579Y,其他常温水果项目,人参果,16,万元,生鲜果蔬类,
532Y,桃项目,鹰嘴桃,21,万元,生鲜果蔬类,
532Y,粮油副食项目,粮油米面调料,14,万元,粮油米面调料类,
536Y,蓝莓项目,蓝莓,19,万元,生鲜果蔬类,
351Y,大米项目,大米,17,万元,粮油米面调料类,
028Y,干货项目,核桃,8,万元,南北干货类,
517Y,花卉苗木项目,种子,2,万元,花卉苗木类,
022Y,花卉苗木项目,百合,8,万元,花卉苗木类,
577Y,海鲜水产项目,水鱼,2,万元,海鲜水产类,
577Y,海鲜水产项目,贝类,2,万元,海鲜水产类,
510Y,蔬菜项目,羊肚菌,6,万元,生鲜果蔬类,
991Y,其他常温水果项目,其他水果,18,万元,生鲜果蔬类,
752Y,粮油副食项目,蛋奶制品,14,万元,生鲜肉类,
871Y,其他常温水果项目,梨,7,万元,生鲜果蔬类,
023Y,中秋项目,月饼,8,万元,假日类,
023Y,李子项目,李子,3,万元,生鲜果蔬类,
023Y,蓝莓项目,蓝莓,26,万元,生鲜果蔬类,
551Y,肉类熟食项目,鸡肉,3,万元,生鲜肉类,
769Y,其他常温水果项目,黄皮,4,万元,生鲜果蔬类,
851Y,粮油副食项目,花椒,10,万元,粮油米面调料类,
316Y,牛羊肉项目,牛羊肉,2,万元,生鲜肉类,
024Y,蟹项目,青蟹,4,万元,海鲜水产类,
025Y,蔬菜项目,土豆,5,万元,生鲜果蔬类,
574Y,花卉苗木项目,干花,8,万元,花卉苗木类,
755Y,干货项目,板栗,3,万元,生鲜果蔬类,
022Y,其他常温水果项目,桔橙,14,万元,生鲜果蔬类,
577Y,花卉苗木项目,花木盆景,8,万元,花卉苗木类,
871Y,花卉苗木项目,花木盆景,1,万元,花卉苗木类,
023Y,干货项目,干枣,16,万元,南北干货类,
851Y,其他常温水果项目,黑老虎,7,万元,生鲜果蔬类,
371Y,蔬菜项目,辣椒,4,万元,生鲜果蔬类,
027Y,滋补品项目,艾草,6,万元,南北干货类,
027Y,蔬菜项目,山药,2,万元,生鲜果蔬类,
027Y,其他常温水果项目,柚子,7,万元,生鲜果蔬类,
531Y,蔬菜项目,凉瓜,2,万元,生鲜果蔬类,
791Y,蔬菜项目,辣椒,6,万元,生鲜果蔬类,
579Y,干货项目,银耳,17,万元,南北干货类,
532Y,蔬菜项目,山药,5,万元,生鲜果蔬类,
513Y,肉类熟食项目,蚕蛹,3,万元,生鲜肉类,
513Y,海鲜水产项目,鲅鱼,2,万元,海鲜水产类,
592Y,肉类熟食项目,肉丸,6,万元,生鲜肉类,
592Y,蟹项目,青蟹,12,万元,海鲜水产类,
021Y,海鲜水产项目,鲅鱼,2,万元,海鲜水产类,
517Y,花卉苗木项目,鲜花,2,万元,花卉苗木类,
512Y,石榴项目,石榴,19,万元,生鲜果蔬类,
577Y,海鲜水产项目,虾类,2,万元,海鲜水产类,
760Y,蔬菜项目,凉瓜,13,万元,生鲜果蔬类,
571Y,花卉苗木项目,干花,4,万元,花卉苗木类,
010Y,海鲜水产项目,海参,6,万元,海鲜水产类,
010Y,茶叶项目,茶叶,5,万元,茶叶类,
769Y,其他常温水果项目,菇娘,4,万元,生鲜果蔬类,
769Y,其他常温水果项目,其他水果,4,万元,生鲜果蔬类,
757Y,干货项目,咖啡,11,万元,其他,
591Y,活体项目,观赏类,2,万元,活体类,
898Y,蔬菜项目,萝卜,4,万元,生鲜果蔬类,
027Y,瓜项目,网纹瓜,22,万元,生鲜果蔬类,
431Y,海鲜水产项目,查干湖鱼,5,万元,海鲜水产类,
431Y,瓜项目,甜瓜,11,万元,生鲜果蔬类,
531Y,滋补品项目,蜂蜜,14,万元,其他,
536Y,干货项目,坚果,10,万元,南北干货类,
512Y,蔬菜项目,食用菌,7,万元,生鲜果蔬类,
752Y,桔橙项目,桔橙,18,万元,生鲜果蔬类,
471Y,活体项目,观赏类,14,万元,活体类,
931Y,梨项目,梨,22,万元,生鲜果蔬类,
451Y,大米项目,粮油米面调料,3,万元,粮油米面调料类,
731Y,其他常温水果项目,板栗,23,万元,生鲜果蔬类,
531Y,枣项目,干枣,13,万元,生鲜果蔬类,
531Y,苹果项目,苹果,16,万元,生鲜果蔬类,
311Y,茶叶项目,茶叶,4,万元,茶叶类,
311Y,滋补品项目,中药材,1,万元,南北干货类,
513Y,花卉苗木项目,干花,8,万元,花卉苗木类,
471Y,瓜项目,哈密瓜,7,万元,生鲜果蔬类,
028Y,参茸项目,松茸,5,万元,生鲜果蔬类,
512Y,中秋项目,月饼,5,万元,假日类,
752Y,粮油副食项目,粮油米面调料,14,万元,粮油米面调料类,
752Y,其他常温水果项目,八月瓜,8,万元,生鲜果蔬类,
760Y,蟹项目,海蟹,18,万元,海鲜水产类,
769Y,活体项目,观赏类,18,万元,活体类,
551Y,花卉苗木项目,树苗,9,万元,花卉苗木类,
757Y,海鲜水产项目,鲅鱼,2,万元,海鲜水产类,
931Y,瓜项目,哈密瓜,16,万元,生鲜果蔬类,
451Y,大米项目,黄豆,3,万元,粮油米面调料类,
531Y,蔬菜项目,香菇,2,万元,生鲜果蔬类,
024Y,蔬菜项目,红薯,6,万元,生鲜果蔬类,
536Y,蔬菜项目,山菜,3,万元,生鲜果蔬类,
025Y,蔬菜项目,食用菌,5,万元,生鲜果蔬类,
513Y,花卉苗木项目,树苗,8,万元,花卉苗木类,
021Y,蟹项目,蟹类,6,万元,海鲜水产类,
022Y,瓜项目,哈密瓜,21,万元,生鲜果蔬类,
510Y,粮油副食项目,粮油米面调料,11,万元,粮油米面调料类,
760Y,粮油副食项目,粮油米面调料,15,万元,粮油米面调料类,
760Y,海鲜水产项目,海蜇,2,万元,海鲜水产类,
023Y,花卉苗木项目,苗木,5,万元,花卉苗木类,
010Y,桃项目,水蜜桃,1,万元,生鲜果蔬类,
757Y,蔬菜项目,山药,14,万元,生鲜果蔬类,
931Y,粮油副食项目,黄豆,10,万元,粮油米面调料类,
020Y,蔬菜项目,笋,6,万元,生鲜果蔬类,
371Y,蔬菜项目,红薯,4,万元,生鲜果蔬类,
731Y,其他常温水果项目,菠萝蜜,23,万元,生鲜果蔬类,
431Y,肉类熟食项目,红肠,4,万元,生鲜肉类,
531Y,蔬菜项目,萝卜,2,万元,生鲜果蔬类,
531Y,肉类熟食项目,其他肉类熟食,1,万元,生鲜肉类,
316Y,海鲜水产项目,贝类,1,万元,海鲜水产类,
536Y,肉类熟食项目,蚕蛹,5,万元,生鲜肉类,
536Y,粮油副食项目,粮油米面调料,9,万元,粮油米面调料类,
025Y,其他常温水果项目,桔橙,8,万元,生鲜果蔬类,
592Y,其他常温水果项目,红毛丹,5,万元,生鲜果蔬类,
010Y,中秋项目,月饼,2,万元,假日类,
731Y,其他常温水果项目,菇娘,23,万元,生鲜果蔬类,
311Y,蔬菜项目,红薯,6,万元,生鲜果蔬类,
595Y,海鲜水产项目,海参,2,万元,海鲜水产类,
510Y,海鲜水产项目,其他海鲜水产,14,万元,海鲜水产类,
510Y,肉类熟食项目,红肠,9,万元,生鲜肉类,
991Y,其他常温水果项目,圣女果,18,万元,生鲜果蔬类,
760Y,蔬菜项目,羊肚菌,13,万元,生鲜果蔬类,
757Y,芒果项目,芒果,21,万元,生鲜果蔬类,
020Y,其他常温水果项目,桔橙,12,万元,生鲜果蔬类,
851Y,干货项目,坚果,11,万元,南北干货类,
898Y,海鲜水产项目,海蜇,5,万元,海鲜水产类,
371Y,蔬菜项目,山药,4,万元,生鲜果蔬类,
029Y,枇杷项目,枇杷,23,万元,生鲜果蔬类,
021Y,蟹项目,海蟹,6,万元,海鲜水产类,
752Y,其他常温水果项目,百香果,8,万元,生鲜果蔬类,
023Y,活体项目,观赏类,13,万元,活体类,
551Y,花卉苗木项目,干花,9,万元,花卉苗木类,
931Y,蔬菜项目,羊肚菌,7,万元,生鲜果蔬类,
771Y,肉类熟食项目,其他肉类熟食,6,万元,生鲜肉类,
531Y,海鲜水产项目,牡蛎,5,万元,海鲜水产类,
316Y,茶叶项目,茶叶,11,万元,茶叶类,
579Y,蔬菜项目,椿芽,4,万元,生鲜果蔬类,
579Y,茶叶项目,茶叶,1,万元,茶叶类,
536Y,粮油副食项目,黄豆,9,万元,粮油米面调料类,
574Y,海鲜水产项目,其他海鲜水产,1,万元,海鲜水产类,
592Y,其他常温水果项目,其他水果,5,万元,生鲜果蔬类,
517Y,蔬菜项目,土豆,6,万元,生鲜果蔬类,
991Y,海鲜水产项目,海参,19,万元,海鲜水产类,
571Y,干货项目,干枣,3,万元,南北干货类,
023Y,其他常温水果项目,菠萝蜜,6,万元,生鲜果蔬类,
023Y,干货项目,坚果,16,万元,南北干货类,
010Y,蔬菜项目,莲藕,13,万元,生鲜果蔬类,
769Y,其他常温水果项目,杨桃,4,万元,生鲜果蔬类,
757Y,火龙果项目,火龙果,31,万元,生鲜果蔬类,
851Y,干货项目,南北干货,11,万元,南北干货类,
791Y,肉类熟食项目,肉丸,3,万元,生鲜肉类,
579Y,干货项目,蜂蜜,17,万元,其他,
595Y,花卉苗木项目,鲜花,5,万元,花卉苗木类,
592Y,蔬菜项目,虫草,8,万元,生鲜果蔬类,
592Y,干货项目,咖啡,12,万元,其他,
755Y,海鲜水产项目,鱼类,6,万元,海鲜水产类,
512Y,杨梅项目,杨梅,13,万元,生鲜果蔬类,
760Y,粮油副食项目,黄豆,15,万元,粮油米面调料类,
010Y,粮油副食项目,花椒,11,万元,粮油米面调料类,
769Y,花卉苗木项目,鲜花,10,万元,花卉苗木类,
757Y,蔬菜项目,桑葚,14,万元,生鲜果蔬类,
771Y,海鲜水产项目,鱼类,5,万元,海鲜水产类,
771Y,花卉苗木项目,干花,8,万元,花卉苗木类,
431Y,粮油副食项目,粮油米面调料,9,万元,粮油米面调料类,
311Y,牛羊肉项目,牛羊肉,9,万元,生鲜肉类,
579Y,海鲜水产项目,牡蛎,7,万元,海鲜水产类,
024Y,花卉苗木项目,百合,9,万元,花卉苗木类,
592Y,其他常温水果项目,释迦,5,万元,生鲜果蔬类,
592Y,粮油副食项目,黄豆,13,万元,粮油米面调料类,
351Y,苹果项目,苹果,1,万元,生鲜果蔬类,
752Y,其他常温水果项目,黑老虎,8,万元,生鲜果蔬类,
931Y,枣项目,干枣,17,万元,南北干货类,
931Y,瓜项目,甜瓜,16,万元,生鲜果蔬类,
931Y,茶叶项目,茶叶,14,万元,茶叶类,
020Y,花卉苗木项目,种子,5,万元,花卉苗木类,
731Y,蔬菜项目,萝卜,3,万元,生鲜果蔬类,
316Y,海鲜水产项目,海参,1,万元,海鲜水产类,
311Y,苹果项目,苹果,11,万元,生鲜果蔬类,
579Y,蔬菜项目,菱角,4,万元,生鲜果蔬类,
024Y,肉类熟食项目,其他肉类熟食,5,万元,生鲜肉类,
532Y,蔬菜项目,莲藕,5,万元,生鲜果蔬类,
471Y,葡萄项目,葡萄,8,万元,生鲜果蔬类,
595Y,蔬菜项目,红薯,11,万元,生鲜果蔬类,
028Y,草莓项目,草莓,20,万元,生鲜果蔬类,
022Y,蟹项目,青蟹,5,万元,海鲜水产类,
551Y,蟹项目,蟹类,4,万元,海鲜水产类,
769Y,其他常温水果项目,山楂,4,万元,生鲜果蔬类,
851Y,蔬菜项目,菱角,3,万元,生鲜果蔬类,
431Y,其他常温水果项目,菇娘,14,万元,生鲜果蔬类,
532Y,蔬菜项目,红薯,5,万元,生鲜果蔬类,
755Y,其他常温水果项目,苹果,12,万元,生鲜果蔬类,
022Y,蔬菜项目,羊肚菌,7,万元,生鲜果蔬类,
022Y,草莓项目,草莓,15,万元,生鲜果蔬类,
752Y,其他常温水果项目,黄皮,8,万元,生鲜果蔬类,
871Y,蔬菜项目,食用菌,4,万元,生鲜果蔬类,
571Y,肉类熟食项目,其他肉类熟食,17,万元,生鲜肉类,
769Y,海鲜水产项目,海参,8,万元,海鲜水产类,
757Y,肉类熟食项目,鸡肉,3,万元,生鲜肉类,
591Y,枇杷项目,枇杷,13,万元,生鲜果蔬类,
771Y,粮油副食项目,花椒,7,万元,粮油米面调料类,
898Y,其他常温水果项目,其他水果,1,万元,生鲜果蔬类,
898Y,花卉苗木项目,干花,13,万元,花卉苗木类,
371Y,蔬菜项目,圣女果,4,万元,生鲜果蔬类,
431Y,蔬菜项目,山药,2,万元,生鲜果蔬类,
531Y,海鲜水产项目,海参,5,万元,海鲜水产类,
311Y,肉类熟食项目,其他肉类熟食,2,万元,生鲜肉类,
311Y,参茸项目,参产品类,14,万元,南北干货类,
024Y,参茸项目,鹿产品类,18,万元,南北干货类,
536Y,肉类熟食项目,肉丸,5,万元,生鲜肉类,
574Y,海鲜水产项目,查干湖鱼,1,万元,海鲜水产类,
028Y,猕猴桃项目,猕猴桃,19,万元,生鲜果蔬类,
517Y,花卉苗木项目,树苗,2,万元,花卉苗木类,
510Y,其他常温水果项目,桔橙,5,万元,生鲜果蔬类,
023Y,海鲜水产项目,海蜇,13,万元,海鲜水产类,
010Y,枣项目,干枣,33,万元,南北干货类,
010Y,海鲜水产项目,鲅鱼,6,万元,海鲜水产类,
771Y,桔橙项目,桔橙,2,万元,生鲜果蔬类,
851Y,海鲜水产项目,鱼类,25,万元,海鲜水产类,
898Y,其他常温水果项目,菠萝蜜,1,万元,生鲜果蔬类,
731Y,蔬菜项目,水果玉米,3,万元,生鲜果蔬类,
731Y,海鲜水产项目,水鱼,7,万元,海鲜水产类,
431Y,其他常温水果项目,其他水果,14,万元,生鲜果蔬类,
791Y,葡萄项目,葡萄,16,万元,生鲜果蔬类,
579Y,海鲜水产项目,鱼类,7,万元,海鲜水产类,
025Y,其他常温水果项目,樱桃,8,万元,生鲜果蔬类,
471Y,茶叶项目,茶叶,6,万元,茶叶类,
574Y,蔬菜项目,辣椒,7,万元,生鲜果蔬类,
029Y,瓜项目,西瓜,16,万元,生鲜果蔬类,
022Y,瓜项目,木瓜,21,万元,生鲜果蔬类,
510Y,蔬菜项目,山菜,6,万元,生鲜果蔬类,
871Y,蓝莓项目,蓝莓,16,万元,生鲜果蔬类,
571Y,粮油副食项目,粮油米面调料,7,万元,粮油米面调料类,
023Y,蔬菜项目,折耳根,9,万元,生鲜果蔬类,
023Y,花卉苗木项目,鲜花,5,万元,花卉苗木类,
010Y,榴莲项目,榴莲,20,万元,生鲜果蔬类,
371Y,茶叶项目,花茶,3,万元,茶叶类,
536Y,枣项目,干枣,14,万元,南北干货类,
471Y,粮油副食项目,粮油米面调料,4,万元,粮油米面调料类,
574Y,桔橙项目,桔橙,5,万元,生鲜果蔬类,
574Y,花卉苗木项目,鲜花,8,万元,花卉苗木类,
595Y,肉类熟食项目,牛羊肉,3,万元,生鲜肉类,
592Y,蔬菜项目,菱角,8,万元,生鲜果蔬类,
351Y,瓜项目,网纹瓜,18,万元,生鲜果蔬类,
512Y,花卉苗木项目,花木盆景,8,万元,花卉苗木类,
023Y,滋补品项目,参产品类,4,万元,南北干货类,
020Y,蔬菜项目,萝卜,6,万元,生鲜果蔬类,
451Y,瓜项目,西瓜,9,万元,生鲜果蔬类,
532Y,蟹项目,青蟹,11,万元,海鲜水产类,
592Y,蔬菜项目,羊肚菌,8,万元,生鲜果蔬类,
592Y,海鲜水产项目,鱼类,1,万元,海鲜水产类,
752Y,其他常温水果项目,菠萝,8,万元,生鲜果蔬类,
571Y,花卉苗木项目,鲜花,4,万元,花卉苗木类,
471Y,活体项目,禽类,14,万元,活体类,
010Y,海鲜水产项目,查干湖鱼,6,万元,海鲜水产类,
591Y,海鲜水产项目,海参,2,万元,海鲜水产类,
591Y,海鲜水产项目,其他海鲜水产,2,万元,海鲜水产类,
851Y,粮油副食项目,粮油米面调料,10,万元,粮油米面调料类,
027Y,其他常温水果项目,百香果,7,万元,生鲜果蔬类,
027Y,海鲜水产项目,其他海鲜水产,13,万元,海鲜水产类,
532Y,海鲜水产项目,其他海鲜水产,1,万元,海鲜水产类,
536Y,苹果项目,苹果,15,万元,生鲜果蔬类,
025Y,桃项目,水蜜桃,12,万元,生鲜果蔬类,
025Y,其他常温水果项目,其他水果,8,万元,生鲜果蔬类,
513Y,牛羊肉项目,牛羊肉,7,万元,生鲜肉类,
592Y,其他常温水果项目,莲雾,5,万元,生鲜果蔬类,
592Y,海鲜水产项目,牡蛎,1,万元,海鲜水产类,
755Y,干货项目,南北干货,3,万元,南北干货类,
028Y,粮油副食项目,花椒,27,万元,粮油米面调料类,
517Y,牛羊肉项目,牛羊肉,5,万元,生鲜肉类,
752Y,其他常温水果项目,莲雾,8,万元,生鲜果蔬类,
760Y,蟹项目,蟹类,18,万元,海鲜水产类,
571Y,肉类熟食项目,蛋奶制品,17,万元,生鲜肉类,
023Y,葡萄项目,葡萄,23,万元,生鲜果蔬类,
551Y,粽子项目,粽子,13,万元,假日类,
010Y,葡萄项目,葡萄,22,万元,生鲜果蔬类,
010Y,海鲜水产项目,鱼类,6,万元,海鲜水产类,
757Y,粽子项目,粽子,13,万元,假日类,
020Y,蔬菜项目,食用菌,6,万元,生鲜果蔬类,
020Y,海鲜水产项目,贝类,2,万元,海鲜水产类,
311Y,蔬菜项目,山药,6,万元,生鲜果蔬类,
791Y,蟹项目,蟹类,7,万元,海鲜水产类,
755Y,茶叶项目,花茶,4,万元,茶叶类,
577Y,海鲜水产项目,海参,2,万元,海鲜水产类,
871Y,其他常温水果项目,人参果,7,万元,生鲜果蔬类,
023Y,其他常温水果项目,板栗,6,万元,生鲜果蔬类,
551Y,桃项目,水蜜桃,12,万元,生鲜果蔬类,
371Y,蔬菜项目,其他蔬菜,4,万元,生鲜果蔬类,
027Y,花卉苗木项目,花木盆景,9,万元,花卉苗木类,
531Y,梨项目,梨,21,万元,生鲜果蔬类,
316Y,花卉苗木项目,鲜花,6,万元,花卉苗木类,
513Y,海鲜水产项目,水鱼,2,万元,海鲜水产类,
592Y,龙眼项目,龙眼,18,万元,生鲜果蔬类,
755Y,海鲜水产项目,海蜇,6,万元,海鲜水产类,
512Y,蔬菜项目,其他蔬菜,7,万元,生鲜果蔬类,
752Y,花卉苗木项目,花木盆景,17,万元,花卉苗木类,
760Y,大米项目,大米,20,万元,粮油米面调料类,
023Y,滋补品项目,中药材,4,万元,南北干货类,
023Y,蔬菜项目,笋,9,万元,生鲜果蔬类,
769Y,干货项目,咖啡,5,万元,南北干货类,
771Y,海鲜水产项目,小龙虾,5,万元,海鲜水产类,
898Y,蔬菜项目,食用菌,4,万元,生鲜果蔬类,
451Y,其他常温水果项目,葡萄,5,万元,生鲜果蔬类,
791Y,粽子项目,粽子,9,万元,假日类,
579Y,花卉苗木项目,苗木,5,万元,花卉苗木类,
579Y,干货项目,坚果,17,万元,休闲零食类,
025Y,蔬菜项目,红薯,5,万元,生鲜果蔬类,
025Y,蔬菜项目,莲藕,5,万元,生鲜果蔬类,
513Y,海鲜水产项目,虾类,2,万元,海鲜水产类,
595Y,海鲜水产项目,牡蛎,2,万元,海鲜水产类,
021Y,粽子项目,粽子,9,万元,假日类,
991Y,樱桃项目,樱桃,23,万元,生鲜果蔬类,
010Y,肉类熟食项目,蚕蛹,9,万元,生鲜肉类,
931Y,粮油副食项目,花椒,10,万元,粮油米面调料类,
898Y,干货项目,坚果,14,万元,生鲜果蔬类,
027Y,中秋项目,月饼,14,万元,假日类,
731Y,海鲜水产项目,鱼类,7,万元,海鲜水产类,
731Y,猕猴桃项目,猕猴桃,17,万元,生鲜果蔬类,
024Y,中秋项目,月饼,13,万元,假日类,
532Y,蔬菜项目,羊肚菌,5,万元,生鲜果蔬类,
532Y,海鲜水产项目,贝类,1,万元,海鲜水产类,
592Y,海鲜水产项目,其他海鲜水产,1,万元,海鲜水产类,
029Y,干货项目,板栗,5,万元,生鲜果蔬类,
029Y,干货项目,中药材,5,万元,南北干货类,
752Y,其他常温水果项目,葡萄,8,万元,生鲜果蔬类,
871Y,中秋项目,月饼,6,万元,假日类,
010Y,海鲜水产项目,牡蛎,6,万元,海鲜水产类,
931Y,海鲜水产项目,其他海鲜水产,24,万元,海鲜水产类,
027Y,龙虾项目,小龙虾,12,万元,海鲜水产类,
731Y,蔬菜项目,菱角,3,万元,生鲜果蔬类,
316Y,其他常温水果项目,板栗,8,万元,生鲜果蔬类,
311Y,樱桃项目,樱桃,16,万元,生鲜果蔬类,
311Y,蔬菜项目,食用菌,6,万元,生鲜果蔬类,
024Y,花卉苗木项目,鲜花,9,万元,花卉苗木类,
536Y,蔬菜项目,山药,3,万元,生鲜果蔬类,
592Y,粮油副食项目,粮油米面调料,13,万元,粮油米面调料类,
512Y,蔬菜项目,凉瓜,7,万元,生鲜果蔬类,
752Y,蔬菜项目,土豆,9,万元,生鲜果蔬类,
023Y,蔬菜项目,羊肚菌,9,万元,生鲜果蔬类,
431Y,活体项目,禽类,22,万元,活体类,
020Y,蔬菜项目,辣椒,6,万元,生鲜果蔬类,
898Y,其他常温水果项目,黄皮,1,万元,生鲜果蔬类,
731Y,蔬菜项目,红薯,3,万元,生鲜果蔬类,
316Y,中秋项目,月饼,3,万元,假日类,
579Y,蔬菜项目,山菜,4,万元,生鲜果蔬类,
532Y,花卉苗木项目,干花,9,万元,花卉苗木类,
025Y,肉类熟食项目,肉丸,2,万元,生鲜肉类,
595Y,桔橙项目,桔橙,14,万元,生鲜果蔬类,
592Y,干货项目,南北干货,12,万元,南北干货类,
351Y,花卉苗木项目,树苗,13,万元,花卉苗木类,
517Y,蔬菜项目,凉瓜,6,万元,生鲜果蔬类,
871Y,蔬菜项目,羊肚菌,4,万元,生鲜果蔬类,
574Y,活体项目,禽类,21,万元,活体类,
769Y,肉类熟食项目,红肠,7,万元,生鲜肉类,
757Y,粮油副食项目,花椒,7,万元,粮油米面调料类,
451Y,瓜项目,网纹瓜,9,万元,生鲜果蔬类,
451Y,干货项目,坚果,6,万元,南北干货类,
431Y,花卉苗木项目,鲜花,10,万元,花卉苗木类,
531Y,其他常温水果项目,板栗,12,万元,生鲜果蔬类,
024Y,花卉苗木项目,干花,9,万元,花卉苗木类,
024Y,茶叶项目,茶叶,11,万元,茶叶类,
592Y,其他常温水果项目,石榴,5,万元,生鲜果蔬类,
029Y,瓜项目,网纹瓜,16,万元,生鲜果蔬类,
021Y,海鲜水产项目,其他海鲜水产,2,万元,海鲜水产类,
755Y,干货项目,鹿产品类,3,万元,南北干货类,
022Y,蔬菜项目,其他蔬菜,7,万元,生鲜果蔬类,
760Y,蔬菜项目,辣椒,13,万元,生鲜果蔬类,
023Y,其他常温水果项目,菠萝,6,万元,生鲜果蔬类,
010Y,苹果项目,苹果,17,万元,生鲜果蔬类,
769Y,龙眼项目,龙眼,13,万元,生鲜果蔬类,
851Y,蔬菜项目,山菜,3,万元,生鲜果蔬类,
851Y,花卉苗木项目,种子,24,万元,花卉苗木类,
027Y,粮油副食项目,花椒,8,万元,粮油米面调料类,
731Y,其他常温水果项目,黑老虎,23,万元,生鲜果蔬类,
531Y,海鲜水产项目,贝类,5,万元,海鲜水产类,
791Y,粮油副食项目,蛋奶制品,11,万元,生鲜肉类,
579Y,其他常温水果项目,哈密瓜,16,万元,生鲜果蔬类,
592Y,其他常温水果项目,甜瓜,5,万元,生鲜果蔬类,
029Y,蔬菜项目,羊肚菌,11,万元,生鲜果蔬类,
028Y,梨项目,梨,29,万元,生鲜果蔬类,
022Y,海鲜水产项目,贝类,1,万元,海鲜水产类,
510Y,海鲜水产项目,虾类,14,万元,海鲜水产类,
991Y,茶叶项目,茶叶,15,万元,茶叶类,
752Y,蟹项目,青蟹,20,万元,海鲜水产类,
021Y,活体项目,虫类,13,万元,活体类,
010Y,蔬菜项目,辣椒,13,万元,生鲜果蔬类,
010Y,粮油副食项目,粮油米面调料,11,万元,粮油米面调料类,
769Y,蔬菜项目,红薯,6,万元,生鲜果蔬类,
591Y,中秋项目,月饼,4,万元,假日类,
898Y,花卉苗木项目,鲜花,13,万元,花卉苗木类,
027Y,蔬菜项目,辣椒,2,万元,生鲜果蔬类,
027Y,其他常温水果项目,石榴,7,万元,生鲜果蔬类,
431Y,肉类熟食项目,知了猴,4,万元,生鲜肉类,
311Y,肉类熟食项目,鸡肉,2,万元,生鲜肉类,
024Y,蟹项目,蟹类,4,万元,海鲜水产类,
024Y,海鲜水产项目,小龙虾,1,万元,海鲜水产类,
532Y,蔬菜项目,柿子,5,万元,生鲜果蔬类,
513Y,蟹项目,海蟹,1,万元,海鲜水产类,
574Y,李子项目,李子,19,万元,生鲜果蔬类,
510Y,海鲜水产项目,贝类,14,万元,海鲜水产类,
752Y,李子项目,李子,16,万元,生鲜果蔬类,
752Y,茶叶项目,花茶,4,万元,茶叶类,
769Y,干货项目,核桃,5,万元,南北干货类,
757Y,蟹项目,蟹类,22,万元,海鲜水产类,
757Y,其他常温水果项目,板栗,8,万元,生鲜果蔬类,
451Y,干货项目,南北干货,6,万元,南北干货类,
027Y,大米项目,大米,17,万元,粮油米面调料类,
311Y,干货项目,核桃,5,万元,南北干货类,
579Y,海鲜水产项目,虾类,7,万元,海鲜水产类,
471Y,花卉苗木项目,百合,3,万元,花卉苗木类,
592Y,蔬菜项目,桑葚,8,万元,生鲜果蔬类,
592Y,花卉苗木项目,种子,4,万元,花卉苗木类,
351Y,其他常温水果项目,柿子,15,万元,生鲜果蔬类,
028Y,蓝莓项目,蓝莓,28,万元,生鲜果蔬类,
991Y,干货项目,核桃,1,万元,南北干货类,
871Y,干货项目,南北干货,8,万元,其他,
028Y,活体项目,虫类,32,万元,活体类,
010Y,猕猴桃项目,猕猴桃,30,万元,生鲜果蔬类,
757Y,蔬菜项目,红薯,14,万元,生鲜果蔬类,
851Y,蔬菜项目,山药,3,万元,生鲜果蔬类,
898Y,粽子项目,粽子,7,万元,假日类,
898Y,芒果项目,芒果,2,万元,生鲜果蔬类,
898Y,龙眼项目,龙眼,16,万元,生鲜果蔬类,
451Y,蔬菜项目,食用菌,4,万元,生鲜果蔬类,
531Y,花卉苗木项目,鲜花,4,万元,花卉苗木类,
311Y,大米项目,大米,18,万元,粮油米面调料类,
791Y,蔬菜项目,萝卜,6,万元,生鲜果蔬类,
579Y,蔬菜项目,山药,4,万元,生鲜果蔬类,
579Y,海鲜水产项目,海蜇,7,万元,海鲜水产类,
024Y,海鲜水产项目,贝类,1,万元,海鲜水产类,
592Y,其他常温水果项目,苹果,5,万元,生鲜果蔬类,
592Y,粮油副食项目,艾草,13,万元,粮油米面调料类,
029Y,蔬菜项目,笋,11,万元,生鲜果蔬类,
510Y,草莓项目,草莓,20,万元,生鲜果蔬类,
991Y,瓜项目,哈密瓜,4,万元,生鲜果蔬类,
752Y,其他常温水果项目,苹果,8,万元,生鲜果蔬类,
760Y,其他常温水果项目,百香果,6,万元,生鲜果蔬类,
551Y,活体项目,观赏类,22,万元,活体类,
551Y,海鲜水产项目,其他海鲜水产,7,万元,海鲜水产类,
769Y,蔬菜项目,笋,6,万元,生鲜果蔬类,
757Y,枣项目,干枣,32,万元,南北干货类,
757Y,其他常温水果项目,杨桃,8,万元,生鲜果蔬类,
431Y,茶叶项目,花茶,7,万元,茶叶类,
311Y,蔬菜项目,辣椒,6,万元,生鲜果蔬类,
311Y,茶叶项目,花茶,4,万元,茶叶类,
532Y,樱桃项目,樱桃,2,万元,生鲜果蔬类,
513Y,海鲜水产项目,牡蛎,2,万元,海鲜水产类,
517Y,蔬菜项目,萝卜,6,万元,生鲜果蔬类,
022Y,其他常温水果项目,板栗,14,万元,生鲜果蔬类,
510Y,牛羊肉项目,牛羊肉,7,万元,生鲜肉类,
871Y,茶叶项目,茶叶,2,万元,茶叶类,
757Y,牛羊肉项目,牛羊肉,12,万元,生鲜肉类,
898Y,中秋项目,月饼,9,万元,假日类,
898Y,其他常温水果项目,百香果,1,万元,生鲜果蔬类,
898Y,瓜项目,哈密瓜,12,万元,生鲜果蔬类,
731Y,蔬菜项目,山药,3,万元,生鲜果蔬类,
431Y,海鲜水产项目,海参,5,万元,海鲜水产类,
513Y,茶叶项目,茶叶,10,万元,茶叶类,
592Y,蔬菜项目,枸杞,8,万元,生鲜果蔬类,
752Y,其他常温水果项目,香蕉,8,万元,生鲜果蔬类,
752Y,其他常温水果项目,石榴,8,万元,生鲜果蔬类,
023Y,粮油副食项目,花椒,10,万元,粮油米面调料类,
010Y,海鲜水产项目,贝类,6,万元,海鲜水产类,
757Y,蔬菜项目,土豆,14,万元,生鲜果蔬类,
898Y,其他常温水果项目,杨桃,1,万元,生鲜果蔬类,
371Y,干货项目,南北干货,6,万元,南北干货类,
451Y,蟹项目,青蟹,16,万元,海鲜水产类,
451Y,蔬菜项目,土豆,4,万元,生鲜果蔬类,
451Y,蔬菜项目,羊肚菌,4,万元,生鲜果蔬类,
027Y,干货项目,核桃,10,万元,南北干货类,
731Y,其他常温水果项目,山楂,23,万元,生鲜果蔬类,
731Y,滋补品项目,蜂蜜,22,万元,南北干货类,
431Y,梨项目,梨,16,万元,生鲜果蔬类,
791Y,猕猴桃项目,猕猴桃,18,万元,生鲜果蔬类,
536Y,蔬菜项目,笋,3,万元,生鲜果蔬类,
595Y,葡萄项目,葡萄,15,万元,生鲜果蔬类,
517Y,海鲜水产项目,海参,1,万元,海鲜水产类,
022Y,蟹项目,蟹类,5,万元,海鲜水产类,
991Y,蔬菜项目,辣椒,10,万元,生鲜果蔬类,
760Y,蔬菜项目,香菇,13,万元,生鲜果蔬类,
571Y,猕猴桃项目,猕猴桃,19,万元,生鲜果蔬类,
023Y,海鲜水产项目,牡蛎,13,万元,海鲜水产类,
371Y,活体项目,虫类,26,万元,活体类,
025Y,活体项目,虫类,18,万元,活体类,
851Y,其他常温水果项目,八月瓜,7,万元,生鲜果蔬类,
851Y,海鲜水产项目,海蜇,25,万元,海鲜水产类,
451Y,其他常温水果项目,柿子,5,万元,生鲜果蔬类,
451Y,其他常温水果项目,杏子,5,万元,生鲜果蔬类,
579Y,其他常温水果项目,苹果,16,万元,生鲜果蔬类,
532Y,肉类熟食项目,蚕蛹,7,万元,生鲜肉类,
536Y,海鲜水产项目,鱼类,1,万元,海鲜水产类,
513Y,肉类熟食项目,知了猴,3,万元,生鲜肉类,
471Y,瓜项目,甜瓜,7,万元,生鲜果蔬类,
592Y,蔬菜项目,凉瓜,8,万元,生鲜果蔬类,
592Y,蟹项目,海蟹,12,万元,海鲜水产类,
931Y,茶叶项目,花茶,14,万元,茶叶类,
771Y,肉类熟食项目,鸡肉,6,万元,生鲜肉类,
020Y,苹果项目,苹果,17,万元,生鲜果蔬类,
020Y,李子项目,李子,9,万元,生鲜果蔬类,
020Y,大米项目,大米,15,万元,粮油米面调料类,
371Y,其他常温水果项目,李子,14,万元,生鲜果蔬类,
371Y,海鲜水产项目,其他海鲜水产,9,万元,海鲜水产类,
371Y,茶叶项目,茶叶,3,万元,茶叶类,
791Y,杨梅项目,杨梅,17,万元,生鲜果蔬类,
791Y,桃项目,鹰嘴桃,15,万元,生鲜果蔬类,
532Y,粮油副食项目,花椒,14,万元,粮油米面调料类,
351Y,瓜项目,甜瓜,18,万元,生鲜果蔬类,
010Y,干货项目,核桃,12,万元,南北干货类,
771Y,粽子项目,粽子,11,万元,假日类,
020Y,粽子项目,粽子,10,万元,假日类,
371Y,樱桃项目,樱桃,12,万元,生鲜果蔬类,
371Y,其他常温水果项目,其他水果,14,万元,生鲜果蔬类,
431Y,花卉苗木项目,树苗,10,万元,花卉苗木类,
431Y,干货项目,坚果,3,万元,南北干货类,
531Y,花卉苗木项目,干花,4,万元,花卉苗木类,
579Y,其他常温水果项目,西瓜,16,万元,生鲜果蔬类,
532Y,蟹项目,海蟹,11,万元,海鲜水产类,
595Y,枇杷项目,枇杷,7,万元,生鲜果蔬类,
755Y,干货项目,银耳,3,万元,南北干货类,
752Y,蔬菜项目,山菜,9,万元,生鲜果蔬类,
760Y,蔬菜项目,萝卜,13,万元,生鲜果蔬类,
023Y,蔬菜项目,香菇,9,万元,生鲜果蔬类,
023Y,花卉苗木项目,树苗,5,万元,花卉苗木类,
931Y,枣项目,鲜枣,17,万元,生鲜果蔬类,
851Y,其他常温水果项目,其他水果,7,万元,生鲜果蔬类,
851Y,桔橙项目,桔橙,21,万元,生鲜果蔬类,
531Y,蔬菜项目,羊肚菌,2,万元,生鲜果蔬类,
531Y,杏项目,杏子,22,万元,生鲜果蔬类,
592Y,其他常温水果项目,网纹瓜,5,万元,生鲜果蔬类,
592Y,茶叶项目,花茶,3,万元,茶叶类,
351Y,干货项目,中药材,8,万元,南北干货类,
755Y,荔枝项目,荔枝,1,万元,生鲜果蔬类,
991Y,中秋项目,月饼,16,万元,假日类,
023Y,龙眼项目,龙眼,27,万元,生鲜果蔬类,
023Y,花卉苗木项目,花木盆景,5,万元,花卉苗木类,
010Y,茶叶项目,花茶,5,万元,茶叶类,
769Y,茶叶项目,花茶,3,万元,茶叶类,
851Y,草莓项目,草莓,23,万元,生鲜果蔬类,
898Y,桔橙项目,桔橙,11,万元,生鲜果蔬类,
451Y,参茸项目,鹿产品类,10,万元,南北干货类,
024Y,其他常温水果项目,板栗,12,万元,生鲜果蔬类,
471Y,蔬菜项目,羊肚菌,2,万元,生鲜果蔬类,
595Y,海鲜水产项目,贝类,2,万元,海鲜水产类,
755Y,干货项目,干枣,3,万元,南北干货类,
517Y,海鲜水产项目,鱼类,1,万元,海鲜水产类,
022Y,蔬菜项目,山药,7,万元,生鲜果蔬类,
510Y,干货项目,蜂蜜,14,万元,其他,
023Y,其他常温水果项目,甜瓜,6,万元,生鲜果蔬类,
023Y,梨项目,梨,22,万元,生鲜果蔬类,
757Y,粮油副食项目,粮油米面调料,7,万元,粮油米面调料类,
591Y,海鲜水产项目,海蜇,2,万元,海鲜水产类,
020Y,蔬菜项目,红薯,6,万元,生鲜果蔬类,
851Y,其他常温水果项目,柿子,7,万元,生鲜果蔬类,
851Y,其他常温水果项目,柠檬,7,万元,生鲜果蔬类,
451Y,蔬菜项目,水果玉米,4,万元,生鲜果蔬类,
451Y,其他常温水果项目,草莓,5,万元,生鲜果蔬类,
451Y,茶叶项目,花茶,11,万元,茶叶类,
431Y,瓜项目,哈密瓜,11,万元,生鲜果蔬类,
471Y,蔬菜项目,土豆,2,万元,生鲜果蔬类,
592Y,其他常温水果项目,山楂,5,万元,生鲜果蔬类,
028Y,虫草项目,虫草,7,万元,生鲜果蔬类,
517Y,蟹项目,海蟹,3,万元,海鲜水产类,
510Y,粽子项目,粽子,10,万元,假日类,
752Y,花卉苗木项目,干花,17,万元,花卉苗木类,
757Y,粮油副食项目,黄豆,7,万元,粮油米面调料类,
371Y,瓜项目,哈密瓜,23,万元,生鲜果蔬类,
731Y,其他常温水果项目,香蕉,23,万元,生鲜果蔬类,
592Y,杨梅项目,杨梅,10,万元,生鲜果蔬类,
029Y,桃项目,李子,13,万元,生鲜果蔬类,
517Y,蔬菜项目,辣椒,6,万元,生鲜果蔬类,
577Y,蟹项目,蟹类,4,万元,海鲜水产类,
510Y,蔬菜项目,鸡头米,6,万元,生鲜果蔬类,
991Y,蟹项目,蟹类,22,万元,海鲜水产类,
760Y,蔬菜项目,山药,13,万元,生鲜果蔬类,
871Y,滋补品项目,虫草,5,万元,南北干货类,
771Y,活体项目,虫类,21,万元,活体类,
025Y,活体项目,观赏类,18,万元,活体类,
769Y,花卉苗木项目,百合,10,万元,花卉苗木类,
757Y,海鲜水产项目,牡蛎,2,万元,海鲜水产类,
591Y,海鲜水产项目,虾类,2,万元,海鲜水产类,
851Y,其他常温水果项目,板栗,7,万元,生鲜果蔬类,
371Y,桃项目,水蜜桃,13,万元,生鲜果蔬类,
579Y,花卉苗木项目,树苗,5,万元,花卉苗木类,
024Y,梨项目,梨,16,万元,生鲜果蔬类,
024Y,花卉苗木项目,种子,9,万元,花卉苗木类,
592Y,蔬菜项目,松茸,8,万元,生鲜果蔬类,
510Y,蔬菜项目,红薯,6,万元,生鲜果蔬类,
931Y,中秋项目,月饼,15,万元,假日类,
531Y,蔬菜项目,莲藕,2,万元,生鲜果蔬类,
531Y,花卉苗木项目,树苗,4,万元,花卉苗木类,
316Y,桃项目,水蜜桃,12,万元,生鲜果蔬类,
791Y,干货项目,南北干货,4,万元,南北干货类,
579Y,其他常温水果项目,柚子,16,万元,生鲜果蔬类,
513Y,蔬菜项目,凉瓜,4,万元,生鲜果蔬类,
755Y,其他常温水果项目,枇杷,12,万元,生鲜果蔬类,
028Y,茶叶项目,茶叶,2,万元,茶叶类,
752Y,海鲜水产项目,水鱼,1,万元,海鲜水产类,
023Y,蔬菜项目,其他蔬菜,9,万元,生鲜果蔬类,
769Y,花卉苗木项目,苗木,10,万元,花卉苗木类,
851Y,桔橙项目,新会柑,21,万元,生鲜果蔬类,
851Y,桃项目,水蜜桃,15,万元,生鲜果蔬类,
898Y,瓜项目,西瓜,12,万元,生鲜果蔬类,
027Y,其他常温水果项目,龙眼,7,万元,生鲜果蔬类,
027Y,其他常温水果项目,八月瓜,7,万元,生鲜果蔬类,
579Y,花卉苗木项目,花木盆景,5,万元,花卉苗木类,
024Y,蓝莓项目,蓝莓,17,万元,生鲜果蔬类,
532Y,粽子项目,粽子,19,万元,假日类,
532Y,海鲜水产项目,虾类,1,万元,海鲜水产类,
536Y,蔬菜项目,食用菌,3,万元,生鲜果蔬类,
025Y,其他常温水果项目,猕猴桃,8,万元,生鲜果蔬类,
351Y,牛羊肉项目,牛羊肉,3,万元,生鲜肉类,
755Y,肉类熟食项目,红肠,10,万元,生鲜肉类,
755Y,活体项目,观赏类,6,万元,活体类,
023Y,龙虾项目,小龙虾,24,万元,海鲜水产类,
023Y,粮油副食项目,粮油米面调料,10,万元,粮油米面调料类,
